product_id,warehouse_country,stock_quantity,last_stock_update
1,Germany,430,11-10-2024
1,Czech,129,2024-09-17
2,Polska,0,2024-07-06
2,Czechia,143,2023-10-13
3,GER,46,2024-01-25
4,POL,21,2024/04/04
5,Polska,212,2024/10/20
5,CZ,237,2024-09-14
6,Czech,177,2023-12-28
7,Czech,62,2024-08-31
8,pl,134,2024-04-26
9,Polska,156,2023.09.07
10,pl,145,2023-07-17
11,germany,299,2024-08-09
11,Czech Republic,0,2024/02/17
12,Germany,136,2024-06-07
13,Czechia,59,2024-01-19
14,DE,441,2024-03-10
15,Deutschland,0,2024/11/27
16,czechia,183,2023/05/28
17,Deutschland,138,2024/11/23
18,GER,308,2023-07-09
19,POL,164,2024-06-13
20,CZ,22,12/07/2023
20,Germany,197,2024/06/24
21,Polska,146,2024-03-05
22,czechia,325,25-05-2024
23,Czech,102,2024-08-13
24,Czechia,160,2024-09-17
24,POL,217,2024-01-23
25,CZ,105,2024.10.16
26,Czech,193,2024/09/25
26,poland,309,2023-06-17
27,czechia,204,2023-12-03
28,Czech,290,2023-06-03
28,pl,14,2023-11-17
29,Czechia,282,2023-11-11
30,PL,97,2024-05-09
30,GER,254,2024/02/23
31,Polska,90,2024-02-04
31,Germany,263,2024-11-01
32,Deutschland,180,29-08-2023
32,Polska,268,2024-04-04
33,czechia,0,2023/12/14
34,Czech Republic,139,2023-05-18
34,DE,111,2024-05-01
35,POL,71,2024-05-26
36,Czech,44,2024-08-20
36,poland,84,2024-08-26
37,Germany,188,2024/04/20
38,czechia,392,2023-10-10
38,Germany,211,2024-08-18
39,Poland,104,2024-08-17
40,Czech,209,2024-08-02
41,Poland,244,2024-09-23
41,DE,252,2024-10-16
42,GER,287,20/06/2024
43,poland,125,2024-04-30
44,Deutschland,173,2024-01-17
45,pl,182,2024-05-17
46,Poland,365,2024-08-25
46,Czech,241,2024-02-16
47,CZ,120,2024-06-30
47,DE,220,2024/06/12
48,pl,53,2023-08-04
48,Germany,226,2024-03-29
49,DE,308,2024-06-23
49,Czech Republic,205,08/08/2023
50,Germany,43,2024-08-14
51,POL,311,2024-07-10
51,germany,447,2023-10-24
52,PL,314,30-06-2023
53,DE,106,31-12-2024
53,PL,103,2024-01-03
54,Polska,272,2024-03-28
54,GER,72,2024-03-08
55,Poland,431,2023-07-19
55,Czech Republic,299,2023.06.04
56,GER,111,2023-08-23
57,Germany,257,2023-09-06
58,Polska,226,2024-09-08
59,Czech,371,2023-12-22
59,GER,116,2023-12-31
60,Germany,164,2024-12-21
61,CZ,291,2023/11/27
61,PL,98,09/01/2024
62,CZ,109,2024-02-17
62,Germany,287,2024-02-07
63,Polska,369,2024-11-23
64,Germany,297,2024-03-21
65,germany,167,2023/09/26
66,Czech,100,2024-06-11
67,GER,106,2023-06-23
68,Czech Republic,248,2024-05-07
68,germany,179,2023-10-17
69,Czech Republic,229,2023-10-15
70,Poland,122,2024-09-09
71,Czechia,119,29-12-2024
72,CZ,15,2024-01-20
73,Czech Republic,0,2024-08-01
74,Germany,210,02-06-2024
75,Germany,0,2023-11-22
76,Czech,62,12-03-2024
77,DE,338,2024/03/14
78,GER,342,2024-10-05
78,CZ,0,2023/06/27
79,czechia,0,2024-06-08
80,Polska,163,2024/07/20
81,Deutschland,165,2024-10-20
81,POL,41,2024-12-01
82,GER,96,2024/02/10
82,Czech Republic,198,2024-07-30
83,Czech Republic,97,2024-11-10
84,Deutschland,62,2023/12/12
85,CZ,29,2023-11-14
86,GER,265,2024-09-25
86,Czech,122,16-01-2024
87,Deutschland,304,2024-07-19
87,PL,59,2024-07-09
88,germany,131,2024-05-26
88,Czechia,104,2023-07-04
89,Germany,215,25-09-2023
90,pl,210,2023-07-27
90,czechia,294,2024-06-21
91,Czech Republic,276,2023-12-20
92,germany,352,2024-03-08
93,czechia,0,2024.11.05
93,poland,146,2024-12-14
94,poland,181,2023-10-09
95,Czech Republic,0,2024-07-20
96,germany,96,2024-08-21
96,pl,489,2024.08.15
97,poland,153,2024.07.16
97,Czechia,254,06-08-2023
98,poland,0,2023-09-27
98,czechia,193,25-09-2024
99,CZ,323,2024-03-05
99,POL,163,2024-08-02
100,germany,0,2023-10-13
100,pl,201,2023.07.12
101,Czech,92,2023-06-22
101,poland,1,28-12-2024
102,DE,193,2023/05/18
102,Czech Republic,419,2024-01-28
103,poland,190,2023-08-12
103,Czech Republic,204,2024-12-06
104,Czech Republic,51,2024-06-23
104,Germany,148,2024-06-09
105,GER,88,2024/05/26
106,DE,0,2024-03-08
106,czechia,84,2024/12/08
107,Poland,182,2024.02.13
108,germany,210,24-05-2024
109,pl,55,2024-08-29
110,POL,0,01-07-2023
110,DE,63,2024-11-12
111,czechia,296,27-12-2024
112,GER,0,2023/07/29
112,Czech Republic,195,2023-11-29
113,Polska,70,2024-11-13
114,Germany,241,2024-11-23
115,Poland,248,01-08-2024
116,Czech,336,2024-08-15
116,Deutschland,234,2023-06-20
117,poland,211,2024/04/03
117,Czech,259,2024-05-20
118,Czech,187,2023-11-28
119,Polska,94,2024-05-06
120,pl,246,07/04/2024
121,DE,33,2024-04-11
122,GER,200,2023-05-29
123,Poland,92,2024/04/06
123,GER,240,2024.12.17
124,Deutschland,170,2024-10-31
124,PL,418,2023-10-13
125,DE,400,18-11-2023
126,Czech Republic,253,08/04/2024
127,DE,299,2024-08-12
127,Polska,159,18/07/2024
128,Deutschland,85,2024-11-28
128,PL,44,2024.11.15
129,poland,88,2023-08-31
130,PL,109,2023-06-11
131,poland,0,2024-02-22
132,poland,0,2023/09/18
133,PL,147,26-12-2024
133,Deutschland,338,2023-11-06
134,Poland,361,2023/08/13
135,Poland,81,2024-03-11
135,czechia,0,2023-10-03
136,Germany,54,2024-06-08
137,Czech Republic,221,2023/11/16
138,Czech Republic,31,2024/05/13
138,pl,238,2024.05.29
139,CZ,169,2024.04.28
140,DE,170,2024-07-01
141,Germany,168,2024-06-20
142,pl,69,2023-09-17
143,PL,206,2024-07-02
143,germany,89,2024-08-06
144,czechia,131,22/06/2024
145,CZ,169,2024-11-01
146,Czechia,66,2023/09/09
146,DE,0,2024-08-31
147,Polska,337,2023-05-13
147,Czechia,301,2023-11-29
148,DE,209,2024-12-12
148,Czech Republic,319,2023-07-07
149,Czech Republic,171,2024-04-04
150,Germany,119,29-05-2023
151,CZ,122,2024-11-21
152,Czech,105,2024-02-11
152,Deutschland,44,31-08-2023
153,Czech Republic,234,2023-08-05
153,poland,74,2024/05/30
154,Czech Republic,80,18-02-2024
155,poland,0,2024-06-28
155,CZ,335,2023-07-23
156,Germany,299,2023-06-10
156,Poland,273,
157,PL,0,2024-01-23
158,Czech Republic,184,2024-06-18
159,Polska,132,2023/09/30
159,germany,226,2023-05-21
160,Czechia,457,2023/12/08
161,Deutschland,212,2023/10/13
161,czechia,348,11/07/2023
162,poland,161,2024-07-25
162,Germany,52,2024-02-03
163,Deutschland,176,2024-08-29
163,POL,45,2023-06-11
164,germany,298,2024-01-03
164,Czechia,25,2023-08-05
165,GER,80,04/03/2024
166,germany,0,2024.05.31
166,PL,141,2024-05-19
167,germany,348,15-11-2024
167,czechia,166,13-01-2024
168,poland,199,14-10-2024
168,czechia,143,2023-08-28
169,czechia,180,2024-04-16
169,germany,46,2023/09/30
170,poland,411,2023-11-29
171,Czechia,1,2024/07/02
172,GER,55,2024/11/10
173,POL,76,2024/02/06
174,Czech,0,09-09-2023
174,DE,87,2024-05-29
175,Germany,288,2023-10-19
176,Czechia,141,2023-07-16
177,Czech Republic,0,2023/07/29
178,GER,324,2023-10-17
179,Germany,281,2024-04-16
179,pl,15,03-09-2023
180,PL,348,2024-02-21
180,Deutschland,45,2023/08/29
181,PL,0,2024-03-11
181,Czech Republic,79,2023/08/30
182,Poland,66,2023-06-08
183,GER,202,2023-07-13
183,pl,93,2024-02-08
184,pl,242,2024-07-31
185,germany,270,2023-07-09
186,CZ,0,2024-07-26
187,czechia,155,2023-06-29
187,Deutschland,125,2024-06-01
188,Deutschland,112,28/01/2024
189,czechia,0,2024.11.16
190,Deutschland,93,2023-05-20
190,Czech Republic,128,2024-05-14
191,pl,176,2024/09/02
191,Czech Republic,304,2024-10-26
192,Czech Republic,344,2023-08-21
193,PL,111,15-11-2023
194,Deutschland,22,2024/03/13
194,PL,166,2024-06-05
195,Czechia,119,2024-03-13
195,PL,379,2024-08-19
196,POL,189,2023-10-13
196,Germany,383,2024/08/30
197,czechia,399,04/02/2024
197,PL,246,2024-09-13
198,Czechia,147,06-12-2024
198,Polska,189,2024/11/11
199,germany,153,2023-08-22
199,Czechia,315,2024-04-08
200,czechia,116,2023-11-22
201,czechia,126,26/12/2023
202,Germany,289,2023/08/22
203,Czechia,0,2024-06-15
203,POL,165,2024-12-23
204,PL,215,2023-06-21
204,CZ,113,2023-09-12
205,GER,154,2024/10/10
205,czechia,261,2023.09.07
206,Czechia,124,2024-04-04
206,PL,110,2024.04.07
207,CZ,149,24-05-2024
208,GER,125,2024/04/11
209,Czech,139,16-04-2024
209,germany,109,2024-06-21
210,Czech,20,2024.10.14
211,Czech Republic,22,19-12-2024
211,Polska,17,29/09/2024
212,germany,211,2024-08-28
213,Czechia,272,2024.10.25
214,PL,186,2024/06/17
214,Germany,251,2024-04-08
215,Czech,308,2024-07-27
215,POL,396,2024/10/01
216,Germany,275,2023/10/06
217,pl,143,2024-07-29
218,Czech Republic,184,2024-09-21
218,Polska,349,2023/07/01
219,Polska,9,27-07-2024
219,Germany,90,2024-11-05
220,Poland,0,2023-07-15
220,Czech Republic,0,2024-08-21
221,Czech,114,07-01-2024
222,Deutschland,227,04-12-2023
222,czechia,205,2024-01-24
223,DE,458,2023-10-19
223,Czech,313,2023-07-26
224,GER,43,2024/01/11
224,poland,63,27-08-2023
225,Polska,180,2024/07/11
226,GER,257,02-04-2024
227,germany,239,2023-12-26
227,pl,70,2023-07-09
228,Czechia,365,2023-10-17
228,poland,295,15-04-2024
229,POL,376,2023/11/22
229,Czech Republic,218,2024-03-11
230,POL,237,2024-06-08
231,Polska,110,26-09-2023
232,Poland,88,2023-05-15
232,Czechia,41,2024-09-26
233,Polska,217,21-12-2023
233,DE,323,2024-04-03
234,Czechia,140,2023-08-08
234,Poland,220,2024-02-25
235,germany,113,2024-01-10
235,Czechia,346,31-10-2024
236,poland,43,2023/11/24
236,Czech,173,2024-01-09
237,Czech Republic,227,28-12-2024
238,Czech,99,2023-10-08
239,pl,50,2023-08-21
239,Czechia,136,13/09/2024
240,czechia,14,2024.04.02
240,Deutschland,301,2024-04-01
241,CZ,0,2023-07-30
242,poland,123,2023-07-31
243,Deutschland,179,2023-08-22
243,Poland,224,2024.10.07
244,Poland,130,2023-08-19
244,CZ,133,2024/05/14
245,GER,215,2024-10-30
245,CZ,312,2023.12.01
246,Czechia,348,2024-05-10
247,germany,140,21-08-2024
248,Czechia,0,2024-04-12
249,Germany,105,01-11-2023
249,Czechia,71,26-07-2024
250,Czech Republic,437,2023-07-27
251,germany,0,18-04-2024
252,germany,260,2024-11-30
253,Czechia,0,2024/01/22
253,Germany,348,2024-08-22
254,czechia,179,2024-11-26
254,DE,88,2024-07-20
255,Germany,107,25-07-2024
256,Polska,175,2023-05-19
257,Czech Republic,172,2023-12-24
257,poland,207,2023/11/18
258,Czech,211,2024-12-23
259,germany,0,2024-02-05
259,czechia,267,2023-08-14
260,GER,69,2024-06-26
260,Czech Republic,199,2023/05/18
261,Polska,124,2024/10/03
262,Polska,334,2024-05-07
262,czechia,112,2023.08.10
263,PL,170,2023.07.23
263,Czech,0,2024.08.15
264,germany,6,18/05/2024
264,PL,182,2024.01.28
265,POL,52,2023-07-17
265,czechia,218,2023-09-18
266,Czechia,186,2023-11-22
267,Germany,61,2024-07-12
268,Germany,194,2023-05-13
268,Polska,151,2023-08-22
269,Polska,199,2023-06-03
270,GER,92,29/12/2024
270,CZ,174,2023-11-30
271,Czechia,300,2023/11/25
271,DE,168,2024-10-04
272,Deutschland,18,2024-01-02
272,czechia,220,2023-08-01
273,Czechia,0,2024/02/16
274,pl,0,2024-12-25
275,poland,97,2023-09-30
276,Czechia,315,2023-09-18
276,Germany,166,2024/02/16
277,pl,337,2024-06-03
278,czechia,223,2023-08-14
278,POL,104,2024.07.27
279,Czech,22,23-10-2023
279,poland,87,2023/10/04
280,PL,184,29/08/2024
281,pl,108,2024-05-06
282,Czech,112,2023-09-04
283,czechia,68,2023-08-19
284,Czechia,144,2023-07-31
285,Czechia,37,2024-07-29
285,pl,241,23-03-2024
286,germany,215,2023-11-26
287,GER,243,2023-11-19
288,germany,477,2024-06-14
288,Poland,166,27-02-2024
289,pl,174,2023-12-04
289,Germany,170,2024-05-10
290,Germany,41,2023/06/09
290,CZ,0,2024.04.10
291,Czech Republic,0,2024-09-18
291,Poland,16,2024/10/10
292,Germany,155,2023.11.18
293,POL,356,2024-11-30
293,Czech Republic,4,2023-11-30
294,GER,127,2024/10/31
294,Czech,152,2024-11-05
295,DE,204,2024-06-27
296,Poland,33,2024-04-11
297,poland,165,2024-01-08
297,Deutschland,188,2024.07.10
298,Germany,75,22-10-2024
298,poland,295,2023.06.08
299,CZ,206,2024-01-09
300,Germany,160,2023.07.03
301,czechia,263,2024.10.20
302,POL,93,2023-11-06
303,pl,371,2023-11-06
304,poland,281,2024-07-03
304,Czech,198,2024/03/07
305,Poland,0,2024-07-11
306,Czech,79,2023-08-23
306,GER,341,2024/05/08
307,DE,272,2024.11.10
308,germany,209,2023-08-05
309,POL,215,2024-06-08
309,Czech,457,2024/06/30
310,Poland,68,2024-01-05
311,Czech,250,2024-11-26
311,DE,323,2024-11-30
312,Poland,380,2024-01-20
312,Czechia,71,2023-09-19
313,pl,13,2024-01-17
314,Czechia,197,2024/01/18
314,Germany,371,2024-12-15
315,DE,50,09-04-2024
316,PL,61,2023.07.04
317,Deutschland,64,2024-02-07
318,germany,144,2024/05/30
318,Czechia,79,2024-12-25
319,Germany,271,26-10-2023
319,POL,122,2024-11-22
320,Deutschland,48,2024-02-02
321,Poland,101,2024-04-28
322,Czech,30,2024-05-30
322,poland,47,2024/02/08
323,GER,468,2024-04-22
323,Czech,122,2024-07-01
324,Czech Republic,160,2024-02-13
325,GER,368,2023-09-16
325,Poland,206,2023-07-02
326,poland,335,2024-09-10
326,CZ,175,2023/12/03
327,Czech Republic,129,2024-03-28
328,germany,102,2024-09-04
329,czechia,252,2024-10-12
329,PL,271,2024-11-27
330,Germany,128,02-07-2024
331,Czechia,5,2024/10/21
331,Deutschland,290,27-12-2023
332,germany,119,2024-07-18
333,DE,285,2024-03-21
333,Czech,77,2023.12.08
334,czechia,369,2024-12-27
334,GER,258,07-12-2023
335,Germany,191,2024-06-27
335,czechia,153,2024-11-22
336,Czechia,20,16-01-2024
336,DE,380,2024-04-14
337,Polska,0,2023-11-17
337,germany,58,2024-03-06
338,PL,210,2024-05-26
339,germany,168,2023/09/16
340,CZ,0,2024-11-13
341,Czech,225,2024-04-10
342,DE,248,2024/07/31
343,DE,96,2024-03-11
343,Czech,105,2024-09-18
344,pl,161,2024-08-13
344,Czechia,324,2023-09-21
345,DE,319,2024-08-25
345,CZ,299,2024/04/16
346,germany,127,2023-08-03
347,germany,210,2023/08/24
348,Czech,261,2024-10-17
349,poland,53,2023-11-06
349,Czech,187,28/12/2023
350,germany,96,2023-08-20
350,Czech,73,2024/07/03
351,Czech Republic,466,2023-06-08
351,poland,88,2023.10.31
352,PL,403,2024-03-23
352,Germany,326,26/07/2024
353,germany,316,06-04-2024
354,czechia,96,2024/06/18
354,POL,116,2024-07-23
355,Czech,166,2023-11-06
355,GER,0,25-05-2023
356,poland,0,2023-06-26
357,Germany,317,2024/01/11
358,PL,274,2023-09-16
359,germany,243,2024.06.17
360,Czechia,229,30-10-2024
360,Polska,22,01/01/2024
361,POL,2,04/11/2023
361,CZ,34,19/06/2023
362,poland,273,2023/07/23
362,GER,335,2024-11-13
363,Czech Republic,181,2023.12.28
364,Poland,253,2024-11-16
365,GER,154,2023-12-31
365,CZ,61,2023-09-06
366,Poland,108,2023-08-29
367,poland,222,13-07-2024
367,Deutschland,138,17-09-2023
368,Czech Republic,149,2023-11-28
369,germany,87,2024-04-28
370,pl,108,2024-10-25
370,Czechia,144,2024-04-21
371,germany,240,2023-12-15
372,germany,323,2023-07-10
372,PL,334,2023-10-17
373,Germany,73,06-11-2024
374,DE,281,2024-08-25
375,PL,12,2024-02-11
376,Czech,96,2024-03-01
376,germany,178,2024-08-02
377,germany,428,2023/05/17
377,POL,233,2023-09-18
378,czechia,59,2023-10-27
379,Czech,379,2024-08-29
380,Poland,149,05-02-2024
381,Czechia,122,2024/11/08
381,germany,215,21-09-2023
382,Deutschland,168,2023-07-16
382,POL,306,2024-01-09
383,czechia,0,2023-06-26
384,Deutschland,62,2023/05/26
385,CZ,202,2024-09-25
385,Germany,349,2023/08/18
386,Czech Republic,47,2023-12-12
386,Germany,225,2024-12-02
387,GER,123,2024-08-05
387,Czech Republic,386,2023-06-07
388,Czech,172,2024/03/11
388,germany,170,2023-05-16
389,Polska,37,2023.08.10
390,Czech,119,2023-12-01
390,Polska,80,2024-07-02
391,Polska,163,07-01-2024
392,Czechia,123,2024-01-20
393,Deutschland,198,2024-10-28
394,CZ,304,2023-11-25
395,Deutschland,167,2024.07.29
395,PL,0,2024-03-21
396,POL,211,2023/06/04
397,czechia,200,2023/11/20
398,Czech,224,2023-12-25
399,Deutschland,286,2023/12/23
399,poland,359,16-12-2024
400,Polska,206,2024/10/21
401,GER,116,2023-08-24
401,Czech Republic,54,2023/10/09
402,poland,79,2023/09/29
402,CZ,356,2023-07-27
403,germany,187,2024-05-31
403,Poland,250,2023/09/01
404,poland,84,2024-12-28
405,poland,336,2023-10-26
406,Czech,182,2024/02/09
406,GER,0,2023-12-02
407,POL,237,2024-08-19
408,czechia,57,2024.06.01
409,Polska,372,2024-01-26
409,czechia,150,2024-07-14
410,Czechia,0,2024-12-28
411,Czechia,185,2024-03-27
411,Deutschland,233,2023-07-30
412,Poland,106,27/10/2023
413,Czech Republic,252,2023/06/22
414,germany,176,2024-01-18
414,POL,324,2024-12-23
415,Germany,67,2023.12.23
416,PL,0,2024-03-01
416,czechia,165,2024-03-31
417,POL,220,2024-08-03
418,Poland,314,30-05-2023
418,CZ,149,11-08-2023
419,pl,79,2024.04.03
419,Czechia,211,2023/10/04
420,GER,127,2023-07-10
420,Czechia,129,2024-06-09
421,Germany,290,2023-12-21
422,Czechia,258,2023/07/29
423,germany,38,2023-07-19
423,Czechia,196,2024-04-26
424,Germany,52,2024/09/08
425,poland,19,2023-08-31
425,germany,31,19-02-2024
426,pl,0,2023-08-20
426,germany,230,2023-07-27
427,germany,364,2024-05-20
427,Polska,0,2024-02-02
428,Deutschland,9,2024-06-19
429,Czechia,100,15-10-2024
429,Deutschland,222,2024-11-02
430,Czechia,0,2024-07-01
430,Deutschland,254,2024-03-24
431,Germany,271,2023-07-21
432,Deutschland,164,2024-12-06
432,Czechia,154,2024-07-23
433,Czechia,327,2023-10-23
433,PL,100,2024-04-08
434,pl,33,2024-12-27
434,Deutschland,224,20-09-2023
435,DE,164,2024-08-24
436,Poland,345,2023-05-29
436,germany,0,2024-07-06
437,POL,261,2024-01-17
437,Czech,54,2024-01-07
438,CZ,261,2023-09-19
439,Deutschland,56,2024-07-06
440,CZ,72,2023-11-20
441,Czech,148,25-09-2024
442,CZ,256,2023-07-18
442,GER,56,04-05-2024
443,Czechia,67,2024/07/21
444,DE,0,02-07-2023
445,czechia,92,2023-05-18
446,PL,149,2024-05-17
447,POL,111,2023-09-12
448,POL,20,2024-04-30
448,Czech Republic,197,03-08-2024
449,Poland,151,2023.10.16
449,CZ,218,2024/10/20
450,pl,41,2024-05-17
451,pl,22,not_a_date
451,GER,185,2023-07-26
452,poland,140,25-12-2023
453,GER,38,2023-08-24
454,PL,80,2024-02-08
455,poland,78,2024-06-28
455,Deutschland,296,2023-06-20
456,czechia,203,2024-06-29
457,pl,99,2023/05/22
458,POL,105,2023/07/31
458,DE,280,2024/06/09
459,PL,0,2024-10-06
459,Deutschland,339,2024-02-02
460,POL,194,2024/06/08
460,czechia,0,2024/10/19
461,Czech,172,10/11/2023
462,Germany,115,04-04-2024
462,CZ,334,2023-10-30
463,czechia,120,2023-10-15
463,Deutschland,162,2024-04-21
464,poland,59,2023-07-23
464,germany,380,2024.12.21
465,Poland,235,2023/06/22
466,poland,9,02-10-2024
467,pl,300,2024-04-07
467,Czechia,0,2024-03-03
468,germany,275,2023-06-29
468,poland,307,2023-05-22
469,Czech,0,2024-06-16
469,germany,28,2024/11/01
470,poland,235,2023-12-05
471,PL,151,2024.05.05
472,Czech,178,2024-09-06
472,GER,222,2023-11-03
473,CZ,48,2024/06/15
473,Polska,179,2024/02/10
474,Deutschland,135,2024/01/31
474,Czech Republic,0,2024-02-29
475,Czech,0,2023-05-27
476,czechia,62,2023-07-08
477,Czechia,194,07-12-2023
478,Germany,336,2023/09/23
479,CZ,47,2023-10-24
479,GER,145,2024-07-14
480,Czech Republic,277,2023-12-04
480,germany,52,2024-05-16
481,GER,167,2024-12-27
482,Czechia,155,2024-11-21
483,Czech,113,2023/11/19
483,germany,216,2024-02-25
484,pl,521,2024-04-01
484,Czech,163,2024-02-06
485,poland,81,2023-12-27
486,czechia,295,2024-04-26
486,pl,91,2023-07-31
487,germany,150,2024/07/29
487,CZ,52,2023-11-06
488,Deutschland,89,11-07-2024
489,Czech Republic,40,2023-12-02
489,germany,216,2024-01-03
490,czechia,201,2024.08.11
491,Deutschland,33,26/01/2024
491,PL,90,2024-09-02
492,DE,324,2024-01-26
493,DE,318,2024-05-15
493,Czech Republic,365,2023-11-28
494,Czech,0,2024-11-11
494,germany,0,2024/01/14
495,DE,0,2024/01/09
495,Czechia,134,2023-10-02
496,germany,326,2023-08-16
496,POL,5,2024/12/27
497,DE,50,2024-13-40
498,POL,129,23-10-2024
498,germany,420,2023-12-18
499,czechia,34,2024-07-27
499,PL,68,2024.06.25
500,POL,60,2024/12/23
501,Czech Republic,194,29-10-2024
502,Poland,0,2023.12.22
502,czechia,209,2024-03-05
503,Czech,178,2023-07-30
504,czechia,138,2024-04-22
504,POL,16,2023/10/21
505,CZ,52,2023-06-08
506,CZ,302,2024-01-09
506,GER,298,2024/01/10
507,germany,276,2024/08/09
507,Poland,258,2024.07.24
508,Czechia,251,2023/12/29
508,DE,269,18-09-2023
509,Deutschland,286,2023/05/13
509,czechia,68,2023-11-01
510,pl,287,2023-07-20
511,GER,325,2023-09-13
512,Czechia,88,2023/10/05
512,pl,280,2023-11-30
513,Germany,125,26-09-2023
514,Czechia,49,2023/10/03
514,poland,165,2023-08-16
515,Czechia,247,2023-09-22
516,Polska,145,2023.10.21
517,Czech,78,03-09-2023
518,Czech Republic,20,2024-04-13
518,PL,327,05-02-2024
519,PL,174,19-01-2024
520,Germany,262,2024/10/24
521,Czech,140,2024-01-02
522,PL,0,2024/07/21
523,Czech,0,2024/10/11
524,POL,70,2024-10-06
524,Czech,107,2024-05-10
525,POL,103,11-09-2023
526,DE,0,2024/04/22
526,PL,297,2024-05-17
527,czechia,307,2024-03-21
528,germany,48,2024/03/23
528,Poland,0,2024-03-13
529,POL,71,2024-11-06
529,Deutschland,0,2024-01-03
530,GER,50,2024/08/04
530,czechia,2,2023/09/14
531,Polska,408,2023-06-17
531,GER,145,2024-08-08
532,Poland,225,2023-09-14
533,pl,99,2024/12/13
533,Czech Republic,130,2024-05-12
534,POL,119,06/03/2024
534,CZ,341,23-03-2024
535,Czechia,274,2024-05-21
536,Poland,383,2024-07-30
537,PL,25,2023-07-16
537,CZ,167,2024-05-25
538,CZ,111,2023.10.17
539,CZ,230,2024-10-20
540,Deutschland,105,2024/02/29
540,Czech Republic,247,2023-10-03
541,PL,202,2024-08-08
541,germany,0,2023-09-27
542,Czech,201,2024-12-10
542,POL,360,30-08-2023
543,Czechia,400,2024-04-15
544,POL,135,2023-09-26
545,Czechia,86,2023-12-14
545,PL,250,2024/05/31
546,Poland,265,2024-03-10
546,CZ,62,2024-11-06
547,CZ,154,07-06-2024
547,PL,67,2023-09-25
548,DE,279,2023-06-08
549,CZ,143,2024-07-21
550,czechia,206,2024/02/16
550,Deutschland,160,2024-11-14
551,Czech Republic,312,30-07-2024
552,Polska,182,2023/11/07
552,GER,79,2024-08-06
553,Czech Republic,416,2024-07-30
554,poland,82,2023-12-02
554,Czechia,93,19/07/2024
555,GER,218,2024-05-30
555,POL,0,2024-11-28
556,Czechia,96,2023-05-28
557,Germany,164,2024-13-40
558,CZ,186,2024-07-25
559,CZ,319,2023-06-18
560,pl,137,2024/05/03
561,Czech,216,2024-08-06
561,Germany,400,2023-05-13
562,PL,335,2024-09-17
562,Germany,334,30/01/2024
563,Deutschland,241,2023-07-10
564,pl,0,06-09-2023
564,czechia,5,31-08-2023
565,germany,356,19-08-2023
565,PL,270,2023-11-28
566,germany,306,2024/11/06
566,Czechia,274,2024-07-23
567,POL,90,2024-06-24
567,GER,162,2024-02-25
568,poland,132,2023-08-23
568,czechia,307,2024-09-16
569,germany,0,31-05-2024
570,CZ,251,2023.07.13
570,POL,165,2024-04-16
571,POL,20,2023-06-08
571,czechia,223,2024-08-02
572,poland,60,2024-06-19
573,germany,194,2023-08-10
574,CZ,287,2023-10-24
575,Czech Republic,112,2023-09-08
575,germany,166,2023-07-31
576,germany,210,2023.05.26
576,Czech,0,04-12-2023
577,pl,235,2024.01.11
578,Germany,255,2023-10-19
578,Polska,203,2024/07/20
579,PL,234,20-12-2023
579,DE,199,2023/09/06
580,Czech Republic,75,2024-11-29
580,DE,78,2024-01-29
581,czechia,295,2023-09-25
582,CZ,129,2024-05-19
583,Czech Republic,215,2023-10-02
584,Germany,45,2023-11-23
585,Czech,186,2024.09.30
586,pl,236,2024-01-28
586,Germany,330,18/07/2023
587,Czech,239,19-07-2023
587,Germany,60,2024-01-27
588,GER,251,30-03-2024
588,CZ,30,2024-05-21
589,Polska,0,04-11-2023
590,pl,168,2024-10-09
591,czechia,337,2024.04.06
592,Czech Republic,47,2024-09-24
593,pl,315,2023/10/07
594,PL,311,2023-07-29
594,Czech,0,2023/08/20
595,POL,293,2024-10-02
596,germany,286,2024/11/19
597,POL,259,2024-12-30
598,poland,131,2024-07-17
598,czechia,315,09-05-2024
599,czechia,276,2023-12-24
599,DE,233,2024-05-09
600,pl,231,2024-08-01
600,DE,222,2023-10-03
601,PL,110,2024-10-05
601,Czech,58,2024-07-09
602,poland,17,2023.07.15
603,pl,63,01-11-2023
604,POL,166,2023-11-14
604,CZ,90,2023-07-01
605,DE,111,2023/06/03
606,Czechia,102,2024-08-27
606,germany,118,2024-11-09
607,poland,336,2024-05-16
607,GER,25,2024/10/14
608,germany,354,2023/10/31
609,pl,395,2023-07-31
610,Germany,379,31-08-2024
611,Czechia,23,23-09-2023
611,pl,210,2024-06-20
612,Czechia,157,2023-10-01
612,Deutschland,403,2024-03-17
613,pl,274,2024-03-16
614,Germany,300,24-09-2024
615,Polska,180,2024-11-09
616,Deutschland,27,2023-08-22
616,czechia,206,2024-02-14
617,Deutschland,175,2024/10/29
617,Czechia,265,2024-08-17
618,Czech Republic,313,2024.10.26
619,Czech Republic,138,2024-01-21
620,czechia,159,2023-12-01
621,Czech,292,2024/06/13
621,germany,280,01-03-2024
622,Czech,356,2024-03-29
623,Polska,349,2024-03-10
624,czechia,36,2024-01-11
625,POL,176,2024-07-29
626,Germany,85,2023-09-22
626,PL,365,2023-05-22
627,pl,251,2024.10.11
627,CZ,303,2024.03.02
628,Deutschland,216,2024/02/22
629,CZ,222,2024-12-30
629,Poland,185,2024-07-10
630,pl,384,2024-06-21
631,DE,74,2023-09-08
631,poland,348,2023-10-30
632,Polska,0,2023-10-05
632,Germany,364,2024/03/22
633,pl,301,2023/09/16
634,poland,197,2024-12-22
635,poland,119,2024.09.24
636,DE,213,2024.04.05
636,Czech Republic,173,2023-07-21
637,Poland,66,2024-01-27
638,pl,260,2023/06/08
639,Deutschland,234,2023.11.22
640,Polska,113,2024-04-29
640,Deutschland,56,2024/03/22
641,DE,218,2024-12-29
641,Czech,31,2023/07/07
642,Deutschland,0,09-08-2024
642,CZ,85,2023/11/14
643,Germany,92,2024-05-11
644,CZ,192,07-01-2024
644,Deutschland,90,2023.11.06
645,DE,152,2023-10-10
646,pl,211,2024-07-21
646,GER,7,2023-08-06
647,Poland,264,2024-11-23
647,Czech,208,2024-09-12
648,Poland,89,06-05-2024
648,GER,0,2024-03-15
649,CZ,61,2024.05.14
650,Polska,0,2024-07-15
650,germany,120,2024/04/20
651,CZ,453,2023-06-14
651,DE,182,2023-11-20
652,Czech Republic,72,2023-08-28
652,pl,155,03-08-2023
653,GER,307,2024-12-13
653,czechia,336,2024-09-15
654,Germany,130,not_a_date
654,Poland,196,2023-09-03
655,GER,315,2024-01-04
656,germany,245,06-11-2024
656,CZ,277,29-10-2024
657,poland,187,2023-06-11
658,GER,223,2024/01/01
659,Czech Republic,163,2024-11-29
660,Czech Republic,187,2024-03-16
660,Poland,204,2023-09-27
661,germany,28,2024.01.19
661,poland,183,2024-08-19
662,Czechia,148,2024-05-26
662,Polska,9,2023/07/07
663,poland,107,2024/04/06
663,DE,214,2023.08.17
664,Czech,255,2024-05-05
664,POL,329,2023-05-22
665,Poland,230,2024/10/11
665,czechia,243,2023-07-21
666,CZ,148,06-04-2024
667,CZ,299,28-03-2024
668,Czechia,218,2023/07/13
668,Deutschland,337,2024-03-24
669,GER,384,2024-06-22
669,Czech Republic,90,20-06-2023
670,Polska,261,2024-10-07
670,CZ,226,2023-11-03
671,pl,348,2023-09-22
671,DE,146,2024-11-07
672,PL,142,2023-06-24
672,GER,187,2023-07-06
673,germany,191,2024-02-27
674,GER,170,2023/09/15
674,czechia,152,2023-07-12
675,Polska,345,2023-10-09
676,germany,342,2023-12-09
676,Polska,159,2024-03-13
677,Poland,137,2024-09-08
678,Polska,295,2023-12-10
678,CZ,144,2024-03-05
679,czechia,132,2024.04.22
679,pl,153,07-05-2024
680,poland,223,2023-06
680,Germany,0,2024/05/29
681,GER,49,2023-07-01
682,DE,269,2024-08-24
683,Czech Republic,295,2023-09-22
684,PL,328,15/05/2023
685,Czech,233,2024-05-19
686,Polska,106,21-06-2024
686,Deutschland,57,2024.03.01
687,Deutschland,230,2023-08-13
688,Polska,89,2024-12-12
688,germany,0,2024-08-17
689,pl,208,2024-04-26
690,GER,78,2024-08-08
691,POL,296,2023-08-05
691,Czech,0,2023-10-06
692,GER,51,2023-07-01
693,Polska,156,2024/08/12
693,czechia,141,13/09/2023
694,DE,332,2024/12/28
694,Czech,449,21/12/2024
695,poland,239,2023/05/19
695,CZ,375,2024-10-25
696,germany,173,2024-10-25
697,czechia,104,2023-12-24
697,Poland,313,06-10-2023
698,germany,322,2024-12-09
699,Germany,189,2023-06-09
699,PL,331,2023-05-20
700,Germany,187,2023-11-28
701,Czech,209,2023-12-01
702,germany,174,2024/01/27
702,Poland,246,2023-10-12
703,Poland,234,2024/01/04
703,Deutschland,343,2023/10/09
704,czechia,418,2023-12-17
704,poland,121,2023-05-21
705,Deutschland,0,2024-07-17
705,Czech,267,2023-09-30
706,poland,90,2024-05-02
706,Czech Republic,152,2024-04-11
707,POL,134,2023-11-25
707,Germany,236,2023-11-02
708,Deutschland,258,2024-02-04
709,czechia,205,2024-06-14
710,Deutschland,340,2023-08-27
710,pl,32,2023-12-07
711,Poland,301,2024-11-19
712,Poland,0,2024-08-17
713,Poland,0,2024/01/28
714,germany,119,2023-07-20
714,Czech Republic,274,27-07-2024
715,Poland,178,2023-06-26
716,GER,347,2024-01-30
716,CZ,72,2023-11-22
717,GER,147,2023-10-29
718,GER,244,19-12-2024
719,Czech Republic,7,2024-11-26
720,PL,236,2024-04-15
720,GER,199,10/09/2023
721,czechia,171,2024-05-30
721,Germany,224,2024-12-04
722,germany,117,2024/12/09
723,CZ,37,2024-07-09
723,Deutschland,34,2024-09-27
724,GER,252,2023/05/17
724,pl,400,2024/12/14
725,czechia,17,2024-07-02
725,germany,296,2024-04-17
726,GER,0,2023.10.12
726,Czech,199,2024-07-25
727,czechia,173,2024/09/08
728,poland,63,2023-11-01
728,CZ,36,2024-07-12
729,GER,317,2024-07-27
730,Czechia,291,17-09-2024
730,GER,345,17-11-2024
731,POL,80,2024-11-28
731,Czech,0,08-12-2023
732,Germany,227,2023-06-19
733,Polska,162,18-08-2023
734,GER,290,2024-08-04
735,Deutschland,156,23-12-2023
735,CZ,288,2023-06-30
736,poland,94,2023-12-29
737,Czech,289,2024.06.05
737,poland,217,2023-06-09
738,czechia,157,2023-09-27
738,Deutschland,87,2024-08-04
739,germany,199,2023/08/22
740,Poland,118,2024-11-04
741,PL,392,2023-09-09
741,GER,13,2024-03-14
742,Czechia,288,04/09/2024
742,Deutschland,224,2024-11-25
743,Czechia,151,2024/03/17
743,germany,281,10-11-2024
744,Polska,323,2024-08-12
744,Czech,27,2024-12-03
745,PL,110,2024-05-01
745,Germany,17,2024-01-12
746,POL,0,2024-12-16
747,Poland,177,2024-10-26
748,germany,195,2024-12-29
749,Czechia,174,2024-04-15
750,pl,175,2024-06-11
751,DE,0,2024/05/05
752,Poland,293,2024.01.05
753,POL,392,2024-10-11
753,germany,185,13-02-2024
754,Czechia,55,2024-01-22
755,Czechia,0,2024/12/24
755,Poland,194,2024-02-11
756,Czech,181,12-06-2023
756,Poland,202,2023-08-11
757,Germany,219,2024-09-05
757,czechia,213,2024-03-01
758,czechia,206,10-07-2024
759,Poland,123,2023/10/01
759,GER,0,2024-09-02
760,Czechia,190,02-09-2023
760,Poland,108,2024-01-02
761,pl,366,2024-07-20
761,Czech,58,2024-03-15
762,Germany,118,2024-08-20
763,pl,392,2024-12-16
763,Czechia,127,2023/10/14
764,Czech,87,2024-11-17
764,DE,244,2023-08-16
765,Poland,228,2023-07-19
766,Poland,178,2024.12.16
767,germany,206,2024-11-28
767,CZ,333,2024-09-18
768,Czech Republic,26,2024/03/11
769,Polska,122,2024-07-11
770,Polska,0,2023-06-04
771,Poland,55,2023-06-08
771,Deutschland,66,2024-13-40
772,Deutschland,102,2024-09-01
773,Polska,57,2024-09-04
773,CZ,0,2023-09-20
774,germany,157,2024-05-17
775,Germany,150,2024/11/10
775,POL,70,2024-05-24
776,PL,359,2024-10-12
776,Czech Republic,71,2024-01-06
777,Czechia,259,2024-04-26
778,PL,203,16-06-2023
779,Poland,221,27-05-2023
780,Deutschland,175,2023-08-26
780,Czech,298,2024-07-08
781,poland,202,15-11-2024
782,Czech Republic,127,2023/12/24
782,DE,324,2024-12-06
783,Deutschland,182,2024-11-23
783,CZ,218,2023-11-05
784,poland,181,26-09-2024
785,germany,312,2024-07-30
786,DE,290,2023/06/24
787,Poland,21,2023-12-22
788,Czech Republic,191,12-11-2023
788,poland,432,2024-04-04
789,poland,31,2024-07-18
789,czechia,280,03/01/2024
790,Germany,133,2024/10/16
790,Czech Republic,143,2024-05-17
791,czechia,78,2023-12-02
792,Deutschland,274,2024-02-22
793,Czech,307,2024-03-06
794,Poland,85,2024/10/15
794,Germany,183,2024-08-15
795,poland,266,01/04/2024
795,czechia,8,2024/04/23
796,DE,105,2024-06-12
797,czechia,92,06-08-2023
797,POL,98,2024.02.12
798,GER,0,2023-05-25
798,pl,160,2024-05-10
799,DE,243,2024-07-17
799,pl,184,2024-11-25
800,DE,126,2024-12-18
800,poland,160,2023-11-26
801,POL,238,2024-01-16
801,czechia,255,2024/11/07
802,POL,224,2023/09/22
802,Czech,353,2023-08-20
803,Poland,256,09/02/2024
804,GER,101,2024/03/17
804,POL,211,2024-01-21
805,DE,51,2024/09/22
805,Czech,271,2024-07-03
806,poland,219,2023.12.20
806,Czech Republic,320,2023/09/15
807,germany,86,2023-05-24
807,czechia,264,2024/08/01
808,Czech Republic,258,2023/07/23
808,germany,95,2023-10-27
809,germany,106,2024-06-15
809,CZ,432,2024-12-16
810,GER,90,2024-10-25
811,DE,0,2024-06-15
811,Czech Republic,296,2023-06-22
812,Czech,257,2024/02/15
813,Czechia,232,2024-09-17
814,GER,25,2024/12/15
815,Czechia,163,2024-02-15
816,Deutschland,235,2023/12/03
817,Deutschland,335,2023/07/19
817,poland,265,2023-10-30
818,Deutschland,86,2024-07-21
819,GER,55,2024-06-28
820,Czechia,170,2024-08-25
821,PL,113,2023-12-02
821,DE,45,2023/06/26
822,Czech,8,2023-12-16
823,czechia,177,2023.07.17
823,DE,265,2024-10-20
824,Czech,213,21-11-2023
825,poland,66,2023.12.12
826,Deutschland,247,17-09-2024
826,PL,264,2024-01-14
827,Germany,88,2023-05-31
827,Czech,190,25/03/2024
828,PL,208,05/12/2024
828,czechia,176,2024-07-02
829,poland,234,2023-09-26
829,GER,189,2024/02/14
830,Deutschland,126,2024-03-19
831,POL,247,2024-04-07
831,Czech,255,29-05-2024
832,Poland,112,2024-09-20
833,GER,44,2024-09-15
833,Czech,127,30-11-2023
834,CZ,187,2023-11-16
835,poland,257,2023-09-11
835,DE,337,2023.07.21
836,CZ,237,2024/05/19
836,PL,222,2024-04-18
837,Czech Republic,129,2024/07/29
838,CZ,296,2024-10-14
838,PL,121,2023-07-19
839,pl,0,2024/04/22
839,CZ,72,2024-01-24
840,CZ,118,2024-10-10
841,DE,186,2024-07-09
841,poland,303,2024-02-17
842,pl,9,2024/02/15
842,DE,134,2023-09-27
843,Czechia,23,2024/02/28
844,Czechia,266,08-02-2024
845,GER,70,2024-06-26
846,czechia,353,2023/12/28
846,poland,346,2024-07-19
847,Poland,399,2023/07/20
847,czechia,65,2023-07-23
848,Czechia,112,2024-06-30
849,DE,273,2024-06-18
850,germany,198,2024-03-22
851,Polska,0,2024-07-12
852,CZ,155,2024-03-29
852,pl,236,2024-02-17
853,Czech,380,23-10-2024
853,Poland,208,2024-08-28
854,DE,146,2023-06-02
854,Poland,99,2023-09-03
855,poland,71,2024-10-21
856,germany,118,2024-09-13
857,POL,117,2023.09.08
857,CZ,81,2024/09/20
858,DE,83,03-05-2024
859,GER,124,2024.01.16
859,POL,253,2024/07/20
860,CZ,145,2024-12-24
861,POL,0,2024-07-14
862,poland,372,2024/11/13
863,DE,28,2024-10-09
863,POL,0,06-11-2024
864,Poland,150,2024-08-16
865,Deutschland,229,2023-12-12
865,Poland,198,2024-06-04
866,czechia,87,27/12/2024
867,Czech,184,2024/10/23
867,germany,105,2023-06-01
868,CZ,283,2024/05/20
868,POL,175,2024-10-14
869,DE,259,2023-10-24
869,PL,66,03/05/2024
870,Czechia,77,2023-10-16
870,GER,214,2024-08-07
871,Polska,295,2024/09/27
872,Czech Republic,355,2024/02/07
873,DE,325,2024-10-17
874,czechia,296,2023/07/09
874,pl,297,2024-05-12
875,poland,0,2024-11-25
876,Deutschland,338,2023-07-10
876,Czech,315,2023/12/01
877,DE,275,2023/09/28
878,POL,160,28/03/2024
879,Polska,308,2024-01-14
880,CZ,282,03-10-2023
880,PL,146,2023-11-12
881,PL,201,2024-02-26
881,DE,122,2024-09-10
882,CZ,148,2023-07-12
882,Poland,88,2023-08-11
883,PL,200,2023.07.27
883,CZ,92,2024-12-01
884,GER,179,11-10-2023
885,Czech Republic,103,04-10-2023
886,Czech Republic,296,2024-02-27
886,pl,150,05-09-2023
887,PL,187,2023-06-25
887,DE,283,2023.11.13
888,Germany,236,2024/04/15
889,Polska,389,01-11-2024
889,Czechia,72,2024-04-17
890,Czechia,252,2024-05-23
890,Polska,80,18-11-2024
891,Czechia,0,2024/08/08
892,czechia,151,2024-05-12
892,Polska,296,2024-12-17
893,czechia,223,2023/07/23
893,DE,112,2024/01/13
894,PL,196,30-09-2024
895,Polska,209,2023/11/14
895,germany,242,01-12-2024
896,Czechia,552,2024-03-14
897,poland,275,2023.07.19
897,czechia,350,2024-07-21
898,Deutschland,224,08-03-2024
899,PL,138,2023/08/27
899,Czech Republic,173,21-01-2024
900,DE,140,2024/09/17
901,Deutschland,53,2024-09-17
901,PL,223,2023.08.21
902,germany,251,2024-09-20
902,Polska,195,2023-09-04
903,Polska,118,2024/03/12
904,GER,285,2023-05-16
904,pl,142,2023-08-22
905,Czech,256,2024-09-29
905,POL,0,17-01-2024
906,PL,242,15-06-2024
906,DE,263,2024-08-08
907,PL,247,2024-05-13
908,poland,81,2024.06.27
908,Czechia,224,2024-05-31
909,GER,283,2024-11-17
909,czechia,212,2024/04/18
910,pl,209,2024/05/27
910,GER,230,29-04-2024
911,Czechia,157,2024-10-09
912,POL,0,2023-09-27
912,germany,260,2024/08/02
913,poland,198,2024-09-14
913,GER,216,2024-09-01
914,GER,219,2024-11-12
914,Poland,82,2023-12-18
915,CZ,151,29/02/2024
916,Germany,169,2023/09/24
916,PL,330,2023/09/15
917,pl,21,2023/09/25
918,Germany,255,2023-08-20
919,PL,307,2023.08.13
920,PL,197,2024/06/14
920,Deutschland,167,17-05-2024
921,DE,100,2023-09-01
921,Poland,160,2024-04-05
922,pl,138,2023/07/16
922,GER,0,2024-03-02
923,PL,230,2024/07/26
924,pl,237,2024-06-10
924,Czech Republic,176,2023-10-26
925,Czech,116,2023-11-07
925,Poland,108,2023-11-21
926,poland,96,2023-05-26
926,Czechia,229,2023-12-28
927,Germany,131,2023-10-05
927,Poland,0,2023/06/29
928,pl,90,2023-10-05
928,germany,11,2023-09-16
929,Germany,148,2023-06-07
930,pl,54,21-12-2023
930,GER,168,13/12/2023
931,czechia,381,2023/10/28
932,Deutschland,191,2024-12-03
932,czechia,89,2024-05-20
933,CZ,282,2024-04-07
933,germany,0,2024-02-12
934,CZ,264,2024-13-40
934,Poland,120,2024-09-29
935,poland,25,22/05/2023
936,germany,179,2024-10-20
937,Germany,121,2024-06-23
938,Germany,43,2023-11-17
938,pl,137,2024-06-08
939,poland,481,10/11/2023
939,Deutschland,397,2024.01.15
940,Czechia,158,2024.10.04
940,Deutschland,235,2024.07.11
941,Czech Republic,286,2024-10-05
941,POL,239,2024/01/25
942,poland,352,2024.09.23
943,POL,92,2024-02-01
944,czechia,19,2023-07-22
945,DE,136,2023-10-26
946,POL,134,2023-12-04
947,Deutschland,323,2024-07-19
948,GER,145,2023.09.05
948,Poland,124,2024.10.25
949,POL,67,2024-03-05
949,Czechia,67,2024-10-29
950,Polska,183,28/08/2024
951,Polska,65,2024-11-28
952,Polska,135,2024.08.19
952,czechia,68,17-12-2023
953,Germany,162,2024-12-15
954,Deutschland,354,2024-07-01
954,czechia,135,21-10-2023
955,GER,0,2024-08-16
955,Czechia,350,2024.05.24
956,pl,117,31-05-2023
956,GER,164,2024-06-10
957,Czechia,192,2024/01/25
958,poland,0,2024-06-02
959,germany,175,09/10/2024
960,czechia,75,2023-12-25
960,DE,63,23-05-2024
961,Czechia,129,03-12-2024
961,pl,310,15-07-2024
962,PL,260,05-12-2024
962,DE,190,2023-12-03
963,CZ,240,2023.11.19
964,Czech Republic,103,2023/11/15
964,DE,251,2023-10-23
965,Poland,293,2024/02/25
966,Polska,272,2024-01-14
967,Czech Republic,173,2024-06-10
967,POL,279,2023-09-18
968,Czech Republic,116,2023-11-13
969,czechia,171,2023-12-07
969,germany,220,25/11/2023
970,POL,273,2024-06-13
971,germany,56,2023-12-11
972,Germany,226,2024-02-06
972,czechia,17,2024-12-12
973,Czech,262,2024-07-18
974,DE,274,2024-07-27
975,Germany,131,2024-08-15
976,poland,266,2024/05/27
977,czechia,165,2023-12-28
977,Deutschland,72,2023-12-16
978,poland,392,2024-06-29
979,Deutschland,100,2023.11.20
979,poland,299,2024.09.23
980,Germany,252,2024.05.04
980,Czech Republic,225,2024-03-24
981,GER,187,2024/06/06
981,Czech Republic,231,2024-01-02
982,germany,225,2023-05-20
982,Czech Republic,155,2023/12/06
983,PL,308,2023-07-19
984,DE,305,2024/05/17
985,Czech,222,2024-10-13
986,GER,0,03-04-2024
986,Czechia,167,2024-09-28
987,CZ,137,2024-02-21
988,POL,269,20/09/2024
989,Germany,0,2023-07-13
990,poland,78,04/03/2024
990,Czechia,394,24-06-2023
991,PL,0,2024-03-13
992,Polska,99,2023/05/19
992,DE,150,2023-08-04
993,GER,371,2024/11/26
994,Czech Republic,399,2024-08-15
995,pl,120,2023-12-06
996,Poland,109,29/03/2024
996,Czech,0,2023-06-15
997,POL,187,2024-03-23
998,PL,113,2024-01-25
998,DE,305,2024-05-25
999,Deutschland,52,2024/02/11
999,CZ,0,16-01-2024
1000,czechia,43,2024/05/19
1001,CZ,0,2023-05-26
1002,germany,155,2024/12/04
1002,Polska,236,2023-12-28
1003,CZ,279,2023-06-16
1003,POL,191,2024-11-13
1004,pl,225,05/06/2023
1005,GER,152,2024/06/22
1005,Czech,471,2023-11-02
1006,Czech Republic,212,06-06-2023
1007,Czech,160,2023.10.09
1008,pl,217,2023-10-02
1009,POL,175,2023.12.31
1010,DE,145,12/02/2024
1010,PL,157,20-12-2024
1011,poland,196,2024-05-04
1011,germany,125,22-08-2024
1012,Deutschland,125,13-10-2024
1013,Germany,206,2024-07-06
1014,Czech,99,13-07-2024
1014,Deutschland,238,2023-07-17
1015,GER,218,2024/03/02
1015,POL,215,2023-09-07
1016,Czech,75,02-07-2024
1017,Poland,253,2024-01-29
1017,Czech Republic,94,2024/12/08
1018,GER,0,2024-10-26
1019,GER,275,2024-09-16
1020,PL,42,07-04-2024
1021,Germany,152,2023-12-25
1021,Czechia,327,2024-08-08
1022,Deutschland,201,13-12-2024
1022,pl,198,2023/10/27
1023,CZ,163,2023-06-14
1024,GER,310,2024-10-15
1025,Czechia,160,2023/09/10
1026,Czech,256,2024-01-08
1027,POL,258,2023-08-21
1028,DE,373,13-03-2024
1028,PL,138,2023.05.29
1029,Poland,122,2024.10.26
1029,Czechia,220,2023-07-14
1030,Polska,0,2023-08-16
1031,germany,107,2024/01/04
1031,pl,106,2024-11-15
1032,DE,157,2023-11-04
1032,Czechia,285,2024/12/01
1033,Czechia,233,2024-11-29
1033,Poland,22,2024-12-24
1034,poland,193,2024-08-17
1034,germany,446,2024-05-05
1035,germany,419,2023.08.08
1035,PL,179,2024-01-04
1036,POL,49,2023/10/12
1036,DE,144,09/04/2024
1037,czechia,192,21-01-2024
1037,pl,231,2024-07-17
1038,poland,194,2024.01.21
1039,Deutschland,351,2024-08-25
1040,GER,399,2024.02.23
1041,GER,269,2024-09-25
1042,Czechia,265,2024-07-13
1042,Deutschland,280,2024-06-30
1043,czechia,29,30-01-2024
1043,DE,221,2023-11-28
1044,Czechia,399,2024-04-03
1045,Polska,225,01-06-2023
1045,DE,254,2024/05/10
1046,PL,46,2024-07-05
1046,Czechia,0,2024-08-01
1047,pl,0,26-03-2024
1047,Czechia,99,2023-05-17
1048,Czech,142,2024/12/21
1049,PL,84,2024/08/29
1049,Germany,67,29-07-2024
1050,CZ,317,2023-12-25
1051,DE,147,2024-11-21
1051,pl,194,2024-11-25
1052,Polska,360,26-08-2023
1052,GER,362,2024-09-15
1053,CZ,360,2024/09/18
1054,PL,185,2024-12-21
1054,GER,81,2023-06-12
1055,pl,81,2024-04-07
1055,germany,96,2023-06-09
1056,Czech,9,2023-10-21
1057,Deutschland,55,2023/12/17
1057,pl,116,2023-10-29
1058,Czech Republic,60,2024/01/29
1058,germany,0,2023-08-25
1059,poland,261,2024-05
1060,CZ,317,2024-05-13
1060,GER,130,2024-01-04
1061,czechia,137,2024/08/01
1061,pl,105,21-07-2023
1062,pl,57,2024-06-17
1062,Czech Republic,186,2024-10-22
1063,Deutschland,130,2023/06/16
1064,Poland,217,27-10-2023
1065,poland,153,2024-11-24
1065,germany,130,2024/04/10
1066,pl,291,2024-06-27
1067,Czechia,65,2024-11-21
1068,GER,96,2024-02-25
1068,Polska,43,2024-06-23
1069,CZ,305,2024-09-29
1070,Poland,255,2024-09-19
1070,Czech Republic,226,2023-12-13
1071,PL,241,2024-02-26
1072,czechia,0,2024/10/09
1072,Germany,315,2024-03-20
1073,Polska,70,2023-05-14
1074,Polska,260,2024-02-11
1075,poland,12,2024-08-28
1076,PL,147,2024-02-10
1076,Germany,105,2023.08.27
1077,GER,424,2024-12-23
1077,Czechia,199,2023-12-09
1078,CZ,411,2023-12-03
1078,pl,51,2024-01-19
1079,czechia,105,2024-01-16
1079,germany,163,2024/09/01
1080,DE,94,2023-09-09
1081,Deutschland,309,2024-10-24
1082,Czech Republic,68,2024-12-19
1082,poland,122,2024-05-09
1083,Czechia,0,2023-05-14
1083,germany,203,2024-04-05
1084,POL,94,27-12-2024
1084,Czechia,136,2023-06-09
1085,Poland,238,2024-06-08
1086,pl,450,2024-10-26
1086,Deutschland,140,2023-05-15
1087,Poland,392,2024-05-13
1088,CZ,340,2024.01.12
1088,PL,211,2024/02/29
1089,czechia,129,2023/11/15
1090,CZ,216,2024/11/19
1091,CZ,289,23-05-2023
1092,Poland,183,2023-11-11
1093,GER,0,11-10-2024
1093,czechia,54,26-06-2023
1094,POL,389,2024/05/17
1094,czechia,312,2024.11.20
1095,czechia,52,2024-01-22
1095,poland,306,28-03-2024
1096,Poland,128,2024/09/08
1096,czechia,38,2024-11-13
1097,czechia,46,2023-08-01
1097,poland,0,27-05-2024
1098,czechia,179,2024-02-04
1098,Germany,263,2024-06-21
1099,CZ,0,2024-05-15
1099,Polska,234,2023-06-27
1100,Germany,0,2024-05-14
1101,pl,389,09-01-2024
1101,Czech Republic,357,2024/02/03
1102,DE,207,2024/06/04
1102,Czechia,388,2024-05-22
1103,poland,159,2024-12-11
1103,GER,241,2023-10-03
1104,germany,374,2023-07-19
1105,germany,54,2023/08/11
1106,czechia,64,04/08/2023
1106,DE,380,2024/05/12
1107,Deutschland,101,2024-02-18
1107,PL,308,2024-03-15
1108,poland,175,2023-10-27
1109,DE,0,2023/08/20
1109,CZ,37,2023/08/04
1110,GER,258,2024/10/25
1110,Czech,194,2023-09-26
1111,CZ,189,2024-08-16
1112,CZ,0,2023-11-09
1113,Polska,39,2024-06-13
1114,germany,308,2024-03-23
1115,germany,195,23-07-2024
1116,poland,389,2024-06-28
1117,pl,360,08-07-2024
1118,pl,0,2024-04-07
1118,czechia,232,2023.06.14
1119,poland,177,2024-04-18
1120,Deutschland,94,2024-10-02
1120,Czech Republic,102,06-01-2024
1121,Polska,192,2023-05-16
1121,czechia,265,2024/05/19
1122,czechia,391,2023-06-28
1122,germany,290,2024/01/01
1123,czechia,295,2024-11-20
1124,Deutschland,163,2024-07-20
1124,POL,114,2024-01-01
1125,GER,198,2024-03-11
1126,pl,186,2024.09.30
1126,Germany,282,2024-10-31
1127,POL,277,2024/03/05
1128,germany,407,04-09-2023
1128,POL,92,23-12-2024
1129,germany,192,2024/01/28
1130,POL,158,2024/09/04
1130,Czech,231,2024-06-27
1131,Germany,98,2024-03-23
1131,poland,70,2023-12-22
1132,germany,35,2024/02/24
1132,czechia,553,2024-11-30
1133,czechia,271,2024-03-09
1133,DE,148,2024-04-11
1134,POL,256,2024-05-03
1135,Czech Republic,326,2023-10-05
1136,Polska,221,2023-09-21
1137,pl,529,2023-09-01
1137,Deutschland,113,2024-05-03
1138,germany,353,2023-09-10
1139,Germany,15,2024/06/14
1140,Czech Republic,153,22-11-2024
1141,DE,82,2024-07-23
1141,poland,195,2023-05-31
1142,Poland,0,2023-06-07
1143,DE,144,2023.09.01
1144,Germany,286,02-04-2024
1144,pl,113,2024-06-13
1145,Czechia,87,2023/08/06
1145,DE,0,2024-08-15
1146,PL,149,2023-08-07
1147,Polska,245,2024-06-21
1148,Deutschland,197,2024/03/09
1148,Czech Republic,249,2023-05-31
1149,Deutschland,241,2023/11/25
1149,Czech Republic,119,2023-07-30
1150,Poland,192,2024-03-24
1150,Czech,199,2024-06-28
1151,Poland,151,2023-10-11
1151,Czechia,265,2023-06-05
1152,Czech,304,2024-10-19
1152,germany,173,2023.06.22
1153,poland,215,2024-04-03
1154,Czechia,239,2024-04-08
1154,germany,196,19-09-2023
1155,Polska,215,2024-12-05
1155,czechia,153,2024-06-03
1156,Germany,68,22/03/2024
1157,Polska,267,2024-04-26
1158,Poland,371,2023-08-18
1159,czechia,392,2024-07-13
1160,PL,226,2024-03-21
1161,POL,141,2024-08-05
1162,poland,148,2023-06-24
1163,Germany,180,2024-11-15
1163,Czechia,134,2024-04-21
1164,poland,119,2024-03-01
1164,Czech,306,2023/06/12
1165,poland,120,2024-11-02
1165,Germany,315,05-04-2024
1166,czechia,373,2023-05-26
1166,poland,97,04-05-2024
1167,czechia,222,2024.07.26
1167,Poland,342,2023/09/28
1168,Polska,0,2024/06/20
1169,germany,236,2024-11-01
1169,CZ,46,12-06-2023
1170,GER,205,2024/08/09
1171,PL,237,01-11-2023
1171,Czech Republic,101,2024.12.02
1172,Germany,106,2023-05-27
1172,POL,55,2024-02-27
1173,DE,252,2024/10/24
1174,POL,136,05/07/2023
1175,germany,109,2023-09-07
1175,Czech Republic,125,2024-08-06
1176,Czechia,285,10-08-2023
1177,Czechia,205,2024/06/24
1178,Czechia,312,2023-05-31
1178,Poland,303,2024.04.10
1179,pl,259,2024-05-14
1179,GER,287,2024-09-11
1180,CZ,224,2023.09.04
1181,Czechia,0,2024-01-16
1182,Czechia,82,2023/08/20
1183,pl,189,2023-06-25
1183,germany,203,2024-08-29
1184,germany,498,2024-01-11
1184,Czech Republic,0,2024-02-24
1185,GER,42,2024-01-25
1186,pl,527,2024-10-21
1186,Czech,44,2024-05-28
1187,DE,50,2024-05-25
1188,CZ,0,2023/06/21
1188,Deutschland,0,2023.08.15
1189,GER,230,2024-03-06
1190,CZ,109,2024-12-23
1190,Poland,303,2024-01-25
1191,Deutschland,157,2023-06-13
1191,Poland,381,15-11-2024
1192,Polska,260,2023-10-08
1193,Czech Republic,116,2023/09/03
1194,Germany,292,17-07-2024
1195,Polska,293,2024/02/20
1195,czechia,0,2024-01-03
1196,pl,201,2024-09-13
1197,Czech,0,2023/12/21
1197,GER,203,2023-05-28
1198,Czechia,567,2023/05/25
1199,Deutschland,111,01-09-2023
1199,CZ,224,2024/05/05
1200,POL,32,2024/08/28
1201,Czechia,164,2024-03-18
1201,PL,107,2024-09-13
1202,GER,250,09-04-2024
1202,Czech,0,2024-04-05
1203,pl,29,2023/09/21
1204,Poland,0,2024-03-15
1204,Germany,121,2024/06/26
1205,CZ,202,26-05-2024
1206,germany,136,2024-05-25
1206,Czech,141,31-01-2024
1207,germany,331,2024-09-30
1208,Czechia,16,2024-07-22
1209,Czech Republic,268,22-09-2024
1209,Germany,204,2023-10-27
1210,pl,38,2023-10-13
1211,Czech,288,24-11-2024
1211,pl,153,2024-02-26
1212,czechia,300,2023-11-16
1212,pl,306,2024-10-06
1213,czechia,152,2024/11/19
1214,Germany,203,06-06-2023
1215,Germany,268,2023-10-25
1216,germany,193,18-01-2024
1217,poland,213,2023-06-13
1217,Deutschland,160,2023-06-14
1218,Poland,98,2023-09-10
1219,Czechia,254,2024-11-12
1220,czechia,255,2023.07.22
1221,Polska,53,2023-07-20
1221,czechia,227,05-08-2023
1222,pl,168,2024-04-24
1223,Poland,166,2024-12-31
1224,Germany,171,28-08-2024
1224,Czech Republic,194,17-11-2024
1225,Czech,159,06-08-2024
1225,DE,159,15-05-2024
1226,Deutschland,152,2024/08/02
1227,GER,180,2024/04/27
1228,czechia,289,2023-11-11
1229,Polska,0,2024-12-06
1230,DE,319,2023-08-15
1230,CZ,51,2023-07-04
1231,germany,314,2023-05-29
1232,Polska,277,2023/11/16
1233,germany,66,2024-10-28
1234,germany,375,2024-12-10
1235,POL,378,2023-10-22
1236,czechia,262,2024-07-27
1237,GER,361,26/06/2023
1238,Czech,226,2024-01-12
1239,POL,218,2024/10/04
1240,CZ,289,2024-01-24
1241,czechia,256,2023-08-25
1241,germany,213,2024-06-13
1242,GER,137,27-05-2024
1242,CZ,128,06-07-2024
1243,GER,80,2024-11-21
1243,PL,125,2024/12/08
1244,DE,464,2023-07-24
1245,Poland,191,03-10-2023
1246,poland,276,2023-07-08
1247,Germany,213,2024.12.11
1248,Czechia,196,2024-01-25
1248,DE,380,15-08-2023
1249,Poland,160,2023/11/28
1249,czechia,71,2024-01-29
1250,Poland,12,2023/10/12
1250,Czech,269,2024-09-23
1251,pl,334,09-08-2023
1251,Deutschland,153,2023-11-29
1252,Czech Republic,246,2024-12-01
1252,PL,203,16-09-2023
1253,Czechia,239,2024-12-01
1254,czechia,199,2023/09/04
1255,Deutschland,223,2024-10-07
1256,Czechia,200,2024.05.26
1256,pl,363,2024-09-02
1257,Poland,163,2023/10/12
1257,DE,68,2024-08-07
1258,POL,111,2024-09-07
1259,germany,122,2024-06-22
1259,Czech Republic,355,2023/09/09
1260,CZ,286,2024-06-26
1260,Germany,154,2024-04-07
1261,Czechia,149,2023.05.13
1261,Poland,101,2024-06-12
1262,pl,346,2024-02-21
1263,Czech,273,2023-11-27
1264,Germany,211,2024-06-15
1265,czechia,123,2024-03-03
1265,POL,372,2024/04/06
1266,Czechia,278,2024-12-18
1267,poland,386,2024-11-19
1267,Deutschland,255,2023-08-14
1268,GER,0,2024-01-22
1268,pl,141,2024/02/28
1269,Czech,234,2024-04-17
1269,germany,218,2024-11-12
1270,Czech Republic,260,05-12-2024
1270,Poland,410,2023-11-18
1271,Czech Republic,215,2024/04/24
1271,POL,226,2023.07.25
1272,Czechia,133,2024-06-02
1272,PL,361,2024-03-08
1273,CZ,295,2024-09-11
1274,Czechia,195,2024-10-20
1274,GER,157,2023-09-23
1275,Deutschland,0,2024-07-21
1276,Germany,176,2024-11-07
1277,Germany,222,2023/11/03
1277,POL,329,2024/02/17
1278,GER,361,2024/04/27
1279,Deutschland,337,2023/10/26
1279,czechia,218,15/05/2024
1280,PL,246,2023-11-03
1280,Deutschland,227,2023-10-09
1281,Czech,376,2023-11-03
1281,pl,358,2024-09-23
1282,CZ,73,2023/07/31
1283,Czech Republic,88,2024-06-29
1284,Deutschland,207,2023-08-09
1285,pl,308,2024-08-11
1286,czechia,137,2024-09-21
1286,Germany,355,2024/08/08
1287,POL,178,2024-11-16
1287,CZ,131,2023-11-21
1288,POL,118,2024-04-28
1289,DE,261,12-06-2023
1290,PL,53,2024-06-30
1291,PL,11,2024-05-09
1292,Poland,135,2024/01/05
1292,CZ,131,2023-06-12
1293,PL,194,2023-11-26
1294,germany,318,11-09-2024
1295,czechia,192,2023/12/17
1296,Czech Republic,377,2024-12-21
1296,GER,146,17/10/2024
1297,CZ,232,2023-05-20
1297,GER,130,2023/12/01
1298,Czech Republic,146,2023-12-15
1299,Germany,284,2024/06/02
1299,pl,0,2023-08-13
1300,germany,178,2024.09.17
1300,Poland,273,2024-05-15
1301,Czechia,287,2024-09-11
1301,Germany,357,2023.08.06
1302,pl,146,2024-09-05
1302,Czech,130,2023-11-21
1303,Poland,226,2024-12-27
1304,Czechia,360,15-07-2023
1305,GER,112,07-09-2024
1305,Polska,500,2023-09-18
1306,germany,31,2024-09-09
1306,Czech,168,2024-11-08
1307,Czechia,128,07-03-2024
1307,GER,0,2024-03-09
1308,Czech Republic,3,2024-09-20
1309,Czechia,11,2023-11-23
1309,PL,151,2023-09-28
1310,DE,2,2024-07-18
1311,Polska,21,2024-07-18
1311,Czech Republic,295,2023-06-23
1312,Czech,352,2024/10/13
1313,Czechia,10,09-10-2023
1313,DE,75,2024-03-19
1314,DE,169,2023/06/12
1315,czechia,460,01-10-2024
1315,PL,7,2024-07-25
1316,GER,26,2024-09-18
1317,Germany,71,2024-12-16
1317,POL,321,2024-08-25
1318,Czechia,0,2023-08-19
1319,Deutschland,173,2023/10/13
1319,POL,138,2023-06-26
1320,PL,278,2024-03-11
1321,Deutschland,368,2024-09-15
1322,Polska,104,2024-02-23
1323,germany,353,2024-11-23
1323,czechia,237,2024-11
1324,CZ,168,2024-03-02
1325,Czech,236,2024-07-11
1326,poland,133,2023-10-06
1326,czechia,178,2023-12-12
1327,Germany,102,2024-06-15
1328,Czechia,230,2023-09-21
1329,POL,119,2023-09-18
1330,Czechia,143,2023-12-20
1330,POL,169,2024/11/15
1331,pl,204,2023-07-01
1331,germany,197,2024-07-01
1332,Czechia,173,2023-11-10
1332,Polska,335,2024-07-21
1333,DE,135,2024-06-04
1333,Czech,193,2023-05-15
1334,germany,202,15-10-2023
1335,Germany,90,2023/07/14
1336,Polska,310,2023.07.13
1337,pl,249,2023-09-27
1338,Poland,361,
1339,CZ,0,2023-09-11
1339,poland,218,2023/05/25
1340,POL,344,2023-05-19
1341,Czech,110,2024/09/28
1342,Czech,306,2023-12-22
1342,pl,202,13-08-2023
1343,Germany,128,2023-08-02
1344,Germany,2,2024-12-09
1344,Poland,167,2024-04-18
1345,CZ,381,2024-06-10
1345,germany,272,2023-06-28
1346,Deutschland,165,2023-10-30
1347,poland,239,2024/03/28
1348,CZ,362,2023-09-27
1349,czechia,234,2024/08/10
1349,GER,254,2024-01-06
1350,Polska,204,2024-05-07
1351,Czech Republic,46,2024-05-25
1352,POL,241,2023-10-15
1352,Deutschland,296,2024-07-08
1353,pl,291,2023-12-16
1354,POL,348,2023-10-17
1354,DE,14,2024-10-30
1355,PL,4,2024/07/14
1355,Czechia,45,2023-06-27
1356,CZ,145,2024-03-03
1357,Poland,241,12-02-2024
1357,Deutschland,215,2023-08-26
1358,PL,44,2023.09.19
1358,Czechia,217,2024-06-27
1359,GER,233,2023-05-27
1360,Poland,248,2023-07-15
1360,Czech Republic,192,2024-06-09
1361,CZ,182,12-09-2023
1362,CZ,251,2024/09/14
1362,Germany,303,2024.04.27
1363,Czechia,13,2023.12.07
1363,germany,213,2023-11-19
1364,czechia,119,2024-02-18
1364,pl,0,2023-10-12
1365,Czechia,102,2024-03-25
1366,czechia,464,2024-10-05
1366,poland,165,21-11-2023
1367,GER,133,31-12-2023
1367,Czech,125,23/08/2023
1368,Polska,112,2023-05-12
1368,Czechia,109,2024-08-21
1369,Czechia,89,2024-11-23
1369,Deutschland,126,14-09-2023
1370,germany,5,2024-10-15
1371,CZ,88,11-11-2024
1372,DE,92,2024-10-22
1373,pl,293,2023-10-14
1373,Deutschland,229,2023-09-30
1374,DE,0,03-06-2023
1375,czechia,0,2024/11/22
1375,Germany,102,2024-10-13
1376,Deutschland,239,2023/11/18
1377,poland,165,2024-04-21
1378,czechia,200,2023/09/30
1378,poland,234,21-03-2024
1379,pl,0,2023-06-08
1379,Czech,178,2024-09-22
1380,CZ,54,2023-06-22
1380,DE,166,2023-08-27
1381,POL,184,29/09/2024
1381,Czechia,202,05-08-2024
1382,Germany,40,2024-02-21
1382,poland,201,2024-10-10
1383,Germany,225,2023-07-24
1384,Czechia,115,14/07/2023
1385,GER,104,16/06/2023
1385,Czech,209,2024-12-13
1386,czechia,240,2024-07-25
1387,germany,0,2024-10-18
1388,Czechia,184,2024-13-40
1389,czechia,0,2024-05-04
1389,Deutschland,56,2024/11/24
1390,Czechia,140,2024/02/29
1391,CZ,197,2023-07-13
1391,Deutschland,200,2023-10-12
1392,DE,172,2024-09-05
1393,poland,304,2024-09-21
1394,Czechia,296,2023-10-03
1394,POL,313,2024-03-02
1395,germany,44,26/01/2024
1396,Germany,92,23-06-2024
1396,Polska,109,22-11-2024
1397,Germany,367,31-01-2024
1398,Czech,251,2023-10-25
1398,Germany,0,2024-04-14
1399,GER,260,2024-05-31
1399,czechia,62,2024-01-16
1400,DE,259,2024-10-11
1400,Poland,107,07-02-2024
1401,Czech,27,07-12-2024
1402,CZ,150,15-08-2023
1403,Deutschland,458,2024/03/27
1403,Czech Republic,220,2023.06.17
1404,POL,22,2024-08-30
1404,DE,283,2024-12-02
1405,Czechia,72,2023-07-24
1406,Polska,143,2024-04-17
1407,Deutschland,133,2024-07-28
1408,germany,44,06-12-2023
1408,CZ,0,2024/09/12
1409,Czech Republic,365,2024-02-05
1410,GER,87,2023/08/02
1410,czechia,193,2023-10-20
1411,Poland,65,2024-07-02
1411,czechia,443,2023/06/26
1412,Czechia,309,2023-07-25
1412,germany,329,2023-05-22
1413,czechia,129,2024-05-14
1414,GER,75,2024-06-27
1414,Czech,410,2024-10-27
1415,Czech,255,2024-01-27
1416,Polska,110,2023.12.13
1416,Czechia,214,2024-06-16
1417,GER,221,2023-05-26
1417,Polska,91,
1418,POL,0,2024-05-08
1418,Czech,219,2024/07/29
1419,poland,280,2023/09/29
1420,Czech Republic,96,2023/07/12
1421,GER,357,2024-04-14
1421,Czechia,0,2024-01-19
1422,Czechia,266,14/08/2023
1422,Germany,298,2023-09-28
1423,GER,296,2024-01-05
1424,Czechia,26,2024-10-12
1425,Deutschland,194,06-10-2023
1426,pl,77,09-12-2023
1427,germany,252,2023-12-24
1427,pl,146,2024-01-12
1428,Germany,165,09-11-2024
1428,Polska,169,2024.03.14
1429,czechia,370,2023-09-04
1430,pl,19,13-06-2024
1431,Poland,185,2024-07-09
1432,Poland,99,2023-12-22
1432,DE,261,2023/07/12
1433,poland,85,2024-03-06
1434,GER,106,2024-02-24
1434,Czech,132,2024-01-06
1435,Czechia,143,21-09-2023
1436,Deutschland,324,2024-02-11
1436,PL,59,2024-07-27
1437,Germany,51,2023-09-14
1438,pl,113,2024.10.27
1439,pl,99,2023.08.20
1439,Czechia,136,2024-06-14
1440,Deutschland,216,2023-10-19
1440,Polska,227,2023-08-20
1441,CZ,183,2023/10/19
1441,DE,442,2024-09-07
1442,czechia,156,2024-02-01
1442,poland,189,10/12/2023
1443,pl,244,2023/06/20
1443,CZ,196,2024-12-26
1444,Deutschland,389,2024-12-01
1444,pl,75,2024-03-14
1445,Germany,135,2023/06/30
1445,Czechia,241,2024/08/07
1446,Germany,19,24-09-2024
1446,Poland,296,2024-01-15
1447,Germany,352,2024-07-17
1447,PL,369,2024-06-30
1448,Deutschland,233,2024-04-14
1449,Polska,266,2023/08/17
1450,czechia,133,2024-06-14
1451,CZ,188,30-10-2023
1451,DE,116,2023-06-20
1452,Czechia,144,2023-08-27
1452,Polska,156,2023-12-12
1453,CZ,335,2023-07-31
1454,Deutschland,207,12/02/2024
1455,Germany,205,2024-08-20
1456,Czech Republic,0,2023-09-26
1456,poland,138,2024-11-13
1457,Czech,446,2024-03-06
1458,POL,315,13-10-2023
1459,DE,176,2023-08-17
1460,Czechia,123,2023-06-17
1460,poland,150,24-09-2023
1461,Czech Republic,250,2023-08-24
1462,GER,217,2024-03-27
1463,Czech,286,2024-04-29
1464,POL,259,2024-06-09
1464,GER,200,2023/10/13
1465,DE,190,08-08-2023
1466,poland,244,2023-09-24
1466,Deutschland,228,2023/05/12
1467,Polska,298,21-02-2024
1467,Czech,181,2024-09-17
1468,GER,308,2023-07-30
1468,Polska,149,2024-06-21
1469,Polska,99,2023-07-05
1470,Czech,195,2024-06-29
1470,Deutschland,243,2024-11-10
1471,czechia,315,2023-09-16
1472,Deutschland,286,2024-09-04
1472,CZ,239,2023/06/22
1473,Czechia,364,2023-05-28
1473,Polska,457,2024-04-21
1474,Germany,107,2023-05-19
1475,CZ,266,2024-10-15
1476,Germany,187,2023-08-06
1476,PL,234,23/09/2023
1477,POL,103,2023/10/30
1478,Polska,82,2024-11-16
1479,Czechia,93,2023/08/19
1480,POL,255,2024-11-15
1481,Czechia,31,2023.05.19
1482,DE,88,2023-05-15
1483,GER,259,2024-12-29
1484,POL,126,2023-12-02
1484,czechia,131,2024-08-10
1485,CZ,227,2023/12/10
1486,Czech,111,2024/05/23
1486,Germany,218,13-10-2024
1487,Deutschland,220,06-08-2024
1487,Czech,197,2024.12.31
1488,Czechia,497,2024-01-07
1488,Polska,190,2024-01-30
1489,germany,273,2024-05-08
1490,Czechia,47,2023-08-30
1490,GER,182,2023/11/24
1491,germany,149,24/07/2024
1492,czechia,153,2023-12-01
1492,DE,99,22-06-2024
1493,Deutschland,302,2024-07-10
1494,Germany,294,2024-09-18
1494,Czech Republic,65,2023-12-15
1495,DE,81,2023-10-30
1495,pl,47,2023/07/15
1496,CZ,180,2024-05-30
1496,germany,203,2024-02-04
1497,czechia,50,2024-12-01
1497,poland,225,2024-04-29
1498,Czech Republic,392,2024/09/07
1498,PL,150,2024-05-03
1499,Czech,149,2024/08/24
1499,POL,368,2024.10.27
1500,germany,249,2024.04.06
1501,poland,7,02-11-2023
1502,Deutschland,162,2024/09/03
1502,czechia,237,2024/12/20
1503,DE,212,2024-11-16
1503,pl,0,2024-12-05
1504,Czech,37,2023-12-21
1504,DE,211,2023-11-25
1505,Czech,160,06/11/2023
1506,CZ,332,2024.01.24
1506,Poland,70,2024-04-03
1507,Czechia,280,2024.07.24
1507,DE,241,2023-12-25
1508,Poland,117,2024-08-14
1509,Polska,268,2024-07-29
1510,POL,10,2023-07-15
1510,GER,142,2024-09-25
1511,GER,219,2024-09-01
1512,Czechia,288,2024.12.23
1513,Czechia,301,2024-10-03
1514,Poland,310,2023/10/29
1515,CZ,219,2024-08-15
1516,pl,189,2023-11-09
1517,GER,241,2024-08-25
1518,czechia,67,2024/07/05
1519,Czechia,403,24-04-2024
1519,pl,275,15-07-2024
1520,Czechia,73,01-06-2023
1520,germany,177,16-05-2024
1521,pl,238,02-09-2024
1521,DE,182,2023-12-31
1522,pl,146,2024-05-22
1523,Poland,338,2024-05-10
1524,GER,97,2024/05/05
1525,germany,0,2023-12-28
1526,czechia,228,2024-12-03
1526,PL,63,2024-01-17
1527,PL,320,03-06-2023
1527,Czech Republic,143,11/08/2023
1528,CZ,219,2023-10-16
1529,Deutschland,354,2023-06-08
1530,Czech Republic,198,2024-09-06
1531,pl,264,30-09-2024
1531,Czechia,270,2023/05/23
1532,Polska,383,2024-01-09
1532,Deutschland,376,2023.09.12
1533,CZ,121,2024-08-22
1534,CZ,214,2023/09/20
1534,Poland,0,21-06-2023
1535,Czech,262,2023-07-01
1535,Poland,0,2023/10/15
1536,Czech,157,2023-05-25
1537,pl,226,2024.10.30
1538,czechia,301,2024-05-10
1538,POL,408,18/10/2023
1539,germany,0,2023/07/24
1539,Poland,166,26-08-2024
1540,PL,178,2024-07-10
1540,GER,286,2024-04-26
1541,Deutschland,202,2023-12-01
1541,Polska,8,2023-06-30
1542,Germany,346,2023-10-22
1543,Czech,0,2024-01-30
1543,germany,96,2023.10.28
1544,pl,191,2024/06/12
1545,Czech Republic,180,2023-07-17
1545,germany,233,2024-03-08
1546,poland,331,2023/11/18
1546,Deutschland,158,2023-10-25
1547,poland,65,2023-08-16
1548,pl,138,2024-11-16
1549,czechia,130,2024/08/17
1549,poland,241,2023-05-25
1550,Czech,216,2024.01.28
1551,PL,136,28-07-2023
1552,CZ,82,2023-06-09
1552,Poland,138,2023.10.11
1553,PL,377,2024/01/01
1554,PL,53,2024-07-20
1555,PL,109,2024.03.14
1556,GER,113,2023-07-22
1557,DE,174,2023/09/16
1558,Czechia,173,2024-03-04
1559,Deutschland,162,01-02-2024
1559,pl,0,2024-09-29
1560,czechia,257,15-12-2023
1560,Germany,142,2023/10/11
1561,POL,0,2024.10.15
1561,Czech Republic,537,2024/04/19
1562,POL,100,2024-10-31
1563,GER,300,02-04-2024
1564,POL,103,2023/08/24
1565,POL,104,09-02-2024
1565,Deutschland,138,09/05/2024
1566,CZ,181,2023-09-06
1567,Czech,122,2023-08-29
1568,GER,118,2023.11.07
1568,Polska,120,2024-04-27
1569,Germany,93,2023-09-27
1569,PL,186,2023-07-15
1570,CZ,330,2023-06-14
1570,Poland,2,2024.08.22
1571,Czech,202,2024-02-24
1572,pl,0,2023-08-26
1573,Deutschland,233,2024-11-26
1574,POL,129,2023-10-16
1575,POL,215,2024.12.31
1576,czechia,0,2023-11-22
1576,POL,176,2024-09-03
1577,germany,0,2023-11-04
1578,POL,203,2023-10-17
1578,Czech,148,30-01-2024
1579,Germany,439,14-09-2024
1580,DE,70,2023-12-04
1580,poland,296,2024-07-24
1581,pl,239,2023/05/30
1581,Czech Republic,236,2024-11-30
1582,Deutschland,0,2023-10-01
1583,Polska,236,2024/09/30
1583,czechia,0,2024.09.11
1584,Germany,107,2023/07/14
1584,poland,495,2023-11-30
1585,Czech Republic,267,2023-08-15
1585,pl,140,2024-02-13
1586,Czech,46,2024/04/28
1586,PL,314,25-09-2023
1587,DE,0,2024-10-30
1588,PL,190,2023/05/21
1588,Germany,260,15-07-2024
1589,Czech,332,2024-03-29
1590,germany,430,2024/12/26
1591,POL,184,2023.12.25
1591,Deutschland,197,2024.06.24
1592,CZ,191,2023-06-10
1593,Deutschland,0,2024/01/25
1594,Czech Republic,76,2024-03-21
1594,pl,163,2024-06-18
1595,DE,234,2024-08-27
1596,PL,112,2024-04-28
1596,CZ,166,2024-12-14
1597,POL,0,2023-10-24
1598,Czechia,227,2024-11-25
1599,GER,305,2024-10-18
1599,Czech Republic,301,2024-04-28
1600,GER,328,28-08-2024
1601,PL,0,2023-06-05
1602,pl,394,2024-09-09
1602,Deutschland,283,2023-12-02
1603,GER,213,20/09/2023
1604,pl,208,2024-12-28
1605,Germany,116,2024-06-01
1606,Czechia,0,24-06-2024
1606,POL,84,2023/11/13
1607,Czech,184,2023-08-04
1608,czechia,90,2023/09/25
1609,germany,177,2024-05-05
1610,Czech,228,2023.10.04
1610,Deutschland,96,2024-09-07
1611,Germany,193,11-04-2024
1611,Czech,427,2024-12-04
1612,czechia,293,2023-08-05
1612,Germany,324,2023-09-22
1613,Polska,75,15/09/2023
1613,CZ,461,2023/12/10
1614,Polska,251,2024-07-22
1615,czechia,146,2023/12/17
1615,germany,253,2024-06-28
1616,CZ,70,2023-05-31
1617,Germany,0,01-05-2024
1617,PL,137,2023-11-20
1618,Poland,347,2023-09-03
1619,germany,0,2023-10-14
1620,PL,341,2024-02-08
1621,czechia,185,2024-03-23
1621,DE,168,2023-08-10
1622,germany,296,2023-10-10
1623,PL,279,2023/08/16
1623,Czech,270,2024-05-31
1624,Poland,563,2024-04-02
1625,DE,10,2024-03-10
1626,Germany,221,2023-05-28
1627,Poland,371,2023/11/22
1628,POL,196,2023-06-22
1628,Czechia,216,09-06-2024
1629,PL,86,2023-07-08
1629,Germany,374,2024.10.09
1630,GER,445,26/11/2024
1630,poland,112,2023/09/15
1631,Czech,279,2024-04-21
1632,GER,77,02-06-2024
1633,Deutschland,224,2023-08-21
1634,Czech Republic,131,2023-12-01
1635,CZ,123,2023/06/14
1636,Czechia,253,2024-08-03
1637,Czechia,277,2023-06-06
1637,Germany,313,2023-07-10
1638,poland,209,2024-08-26
1638,germany,159,2024-04-02
1639,Czechia,145,18-12-2023
1639,Germany,37,26-06-2023
1640,DE,204,2024-05-20
1640,pl,69,2024/12/12
1641,Deutschland,0,2024-12-25
1641,Czechia,51,22-09-2023
1642,Poland,114,2024-06-04
1643,Czech,77,2024-10-18
1643,pl,309,2024-11-13
1644,Czech Republic,118,2023-09-18
1645,Poland,207,2023-07-23
1645,CZ,263,2024.05.09
1646,Czech Republic,261,2023-08-02
1647,Deutschland,305,2023-10-27
1648,poland,0,2024/06/20
1648,germany,193,2024-11-06
1649,CZ,141,2024/07/10
1650,Deutschland,188,25-02-2024
1650,poland,157,2024-02-23
1651,Deutschland,0,2023-11-04
1651,czechia,151,2024.03.18
1652,Poland,110,2024-11-15
1652,Germany,243,2023-12-20
1653,Deutschland,0,2024-11-16
1654,Polska,257,2023-10-02
1654,DE,83,2024-07-01
1655,Czechia,431,22-07-2024
1656,CZ,293,2023-10-12
1656,germany,161,2023-05-12
1657,CZ,76,2023-08-02
1658,Germany,97,2024/04/08
1659,DE,180,2024-01-29
1660,Germany,248,2024/08/14
1660,Czech Republic,170,2024-02-18
1661,CZ,345,24/02/2024
1662,Czech Republic,53,2023.07.02
1662,POL,127,2023-06-02
1663,POL,182,2024/08/11
1664,DE,193,2024-04-24
1664,czechia,154,2023-07-07
1665,CZ,119,2024/12/17
1666,Deutschland,115,2023-09-13
1666,Czechia,155,2024-12-30
1667,POL,37,24-09-2024
1667,Czech,361,2023-07-25
1668,POL,200,2023/07/12
1668,czechia,160,2024/02/12
1669,poland,168,2024-10-05
1669,Czech Republic,208,2023-12-09
1670,Czech Republic,169,2023-12-24
1670,poland,222,2024-03-21
1671,poland,281,2023-07-21
1672,poland,250,21/05/2024
1672,Germany,247,2024-08-26
1673,Czechia,260,2024-07-31
1673,poland,7,2023-06-10
1674,czechia,251,2023-10-02
1675,POL,382,2023-08-05
1676,Poland,69,2024-05-05
1677,Poland,227,2024-08-29
1677,Deutschland,279,2023/08/11
1678,DE,179,2024-02-23
1678,czechia,260,2023-07-13
1679,germany,118,15-06-2023
1679,Polska,116,2024/08/31
1680,POL,202,2023/12/15
1681,POL,29,2024-01-08
1681,GER,328,2024-06-23
1682,Polska,50,2024-09-03
1683,Czechia,143,2023/06/29
1683,DE,99,2023/12/05
1684,Polska,402,2023-12-11
1684,czechia,374,04-12-2023
1685,PL,45,2023-11-07
1686,CZ,176,2024-10-20
1687,GER,24,2024-07-30
1687,PL,218,2023-07-19
1688,Germany,347,2023-11-27
1689,Czech Republic,220,2023-06-02
1690,CZ,331,2023-05-14
1691,pl,196,2024-01-22
1692,Czechia,0,2024-07-05
1693,Germany,114,2024-04-23
1693,Czech,160,2024-12-08
1694,Germany,73,2023-09-29
1694,czechia,190,2024-03-22
1695,CZ,372,2023-12-29
1695,POL,136,2023-07-09
1696,Poland,216,27-01-2024
1697,Germany,125,2024-03-15
1698,Czech,131,2023-07-09
1699,czechia,266,2024/10/06
1699,PL,92,06-07-2024
1700,Germany,211,2024/10/26
1701,pl,116,01/06/2023
1702,GER,272,2024-06-10
1702,Polska,121,2024-08-01
1703,germany,160,2023-11-28
1703,Czechia,191,2024-10-08
1704,PL,196,2023-09-03
1704,Germany,174,2023-11-25
1705,Czechia,29,2024-05-13
1706,Germany,318,2023-11-06
1707,Deutschland,72,2023-06-18
1708,poland,90,21-11-2024
1709,Czechia,238,09-06-2024
1710,germany,145,2024-01-14
1711,pl,214,2024-13-40
1712,Germany,313,2024-02-12
1713,PL,0,2024-03-16
1714,czechia,323,2024.03.07
1714,GER,213,2024/01/08
1715,Czechia,204,2024-12-05
1715,poland,0,2023/12/21
1716,germany,276,18-03-2024
1717,DE,47,2024/04/13
1717,Poland,188,2024-10-10
1718,germany,240,2024/10/16
1718,pl,147,2024/09/14
1719,Czechia,426,2023-10-24
1719,pl,247,2024-09-26
1720,Czechia,134,2024-02-10
1721,CZ,192,10-05-2024
1721,Polska,45,2023-07-26
1722,Czech,182,2024-08-09
1722,DE,97,2024/06/17
1723,PL,308,13-08-2024
1723,Czech,349,2024/06/19
1724,POL,258,2024-01-27
1725,Germany,71,2023-12-01
1725,pl,374,2024-12-15
1726,germany,292,03-05-2024
1727,POL,229,2024-07-12
1728,germany,206,2024-07-26
1729,germany,316,07-09-2024
1730,Czechia,372,02-02-2024
1730,germany,240,2023/08/11
1731,Poland,121,02-02-2024
1731,GER,21,2023-11-15
1732,GER,153,2023-11-27
1732,Czechia,24,2024-08-15
1733,Germany,373,2024-01-25
1734,Polska,181,22-10-2024
1735,DE,142,2024/05/27
1735,Czech,171,2023-12-05
1736,pl,75,2024-09-08
1736,germany,11,2024-11-27
1737,DE,399,2024/05/24
1737,Polska,231,2024-12-25
1738,Czechia,167,2024/02/13
1739,germany,116,2024/02/14
1739,Czech Republic,85,2024-11-13
1740,POL,190,2024-10-11
1740,Czech Republic,324,2023.09.30
1741,GER,300,2023/08/09
1742,PL,170,27-06-2023
1743,Czech,287,18-02-2024
1743,Polska,257,2024-04-26
1744,pl,228,2023-09-09
1745,CZ,119,2023-12-06
1745,germany,261,2024-05-08
1746,Czechia,0,2024-03-30
1746,Poland,244,2024/03/30
1747,Czech Republic,0,2023-07-12
1748,PL,349,2023-05-13
1748,CZ,251,2024.08.26
1749,GER,422,30-10-2023
1749,poland,89,2023/11/11
1750,germany,0,2024-07-24
1750,pl,196,2023-11-28
1751,POL,133,2024/10/18
1751,Czech Republic,287,2024-08-08
1752,CZ,200,2024-09-16
1752,Deutschland,260,2023-11-14
1753,Germany,48,2024-02-10
1754,DE,320,2024-12-05
1755,GER,153,2024-05-03
1756,Czechia,83,26-06-2024
1756,poland,68,2023.06.16
1757,Czech Republic,361,02-06-2023
1758,Germany,254,2024-12-05
1758,pl,64,2024-03-06
1759,GER,209,2024/01/04
1759,POL,265,2024-12-07
1760,Czech Republic,219,2024/12/23
1761,czechia,135,2024-11-05
1762,POL,28,2024-04-27
1762,Deutschland,271,2024-04-19
1763,Germany,434,2024-02-21
1763,CZ,180,05-10-2023
1764,Czech Republic,214,2023/05/28
1765,Deutschland,100,2023-09-17
1766,germany,237,2024-10-17
1767,Czechia,178,2024-05-07
1767,germany,111,2023/10/06
1768,germany,42,2023-05-18
1768,PL,217,2024-08-11
1769,Germany,234,2024/06/29
1770,germany,185,2024-10-17
1771,germany,0,2024-03-28
1771,Czech Republic,202,2024-06-21
1772,pl,225,12-07-2024
1773,POL,244,2024-10-29
1773,germany,171,2023-07-06
1774,Polska,170,2023-09-29
1775,poland,51,2024/11/02
1776,poland,29,2023-07-21
1777,Czechia,32,2024-05-02
1777,poland,118,04-08-2024
1778,Deutschland,169,2023-07-18
1778,Czech,109,2024-05-09
1779,Germany,192,2023-12-05
1779,CZ,75,2024-05-28
1780,Poland,358,2023/08/31
1780,Deutschland,272,2023-11-04
1781,Czech Republic,132,2024-08-20
1781,PL,106,2024/10/02
1782,czechia,127,26-05-2023
1783,Czech,30,2023.10.10
1783,POL,86,2024-04-23
1784,Czech Republic,206,2024/06/17
1785,Czech Republic,330,17-01-2024
1785,DE,80,2024-06-27
1786,czechia,147,2023-05-27
1787,germany,222,2023-09-10
1788,czechia,233,2024-12-13
1789,czechia,0,2023/11/29
1789,Poland,49,2023-09-11
1790,Deutschland,106,2024/01/22
1790,CZ,255,2024/01/12
1791,CZ,193,30-01-2024
1791,Poland,56,2024-07-01
1792,CZ,312,2024-04-25
1793,pl,105,2024-05-18
1794,PL,132,2024-03-05
1795,Germany,227,2024.11.10
1796,poland,360,2024-03-13
1796,Czech Republic,268,2024/10/07
1797,CZ,46,2023-07-03
1797,DE,189,2024-12-05
1798,Polska,149,24/07/2023
1798,germany,0,29/12/2023
1799,POL,195,17/07/2024
1800,POL,156,01-06-2023
1800,germany,317,2024/03/26
1801,Czech,272,2024-10-06
1801,germany,213,2023-07-23
1802,poland,0,2024/07/13
1802,DE,221,2023-12-18
1803,DE,81,2023-09-23
1804,Poland,211,2024-04-26
1804,Czech,277,27-11-2023
1805,Deutschland,260,2023-09-02
1806,CZ,41,18-05-2024
1807,pl,152,2024.06.11
1808,Czech,216,2024-05-22
1809,Czech Republic,500,31-07-2024
1809,GER,141,26-09-2024
1810,PL,349,2024-08-21
1811,Germany,0,16-10-2024
1812,POL,109,2024-02-13
1813,Czech,444,2023-12-25
1813,germany,357,2024-09-30
1814,pl,294,2024.01.31
1814,Czech,173,16-12-2024
1815,POL,207,2024-06-01
1816,Deutschland,174,2024/06/20
1816,CZ,140,2024/03/10
1817,Czech,257,2023-11-05
1817,Germany,160,2024-07-23
1818,Deutschland,0,2024/02/25
1819,CZ,287,2024-01-27
1819,GER,156,2023-07-27
1820,germany,199,2024-11-06
1821,czechia,143,2024-06-14
1821,Polska,297,2024/10/23
1822,Czech Republic,161,2024-04-01
1822,DE,277,29-02-2024
1823,Czech Republic,119,2024-03-06
1824,Polska,332,2024/10/09
1824,Czech,316,03-01-2024
1825,Czech Republic,225,2024-03-03
1825,pl,62,2024-07-21
1826,Czech Republic,128,2023-07-10
1826,GER,217,2023.10.08
1827,PL,145,2023/10/08
1827,Germany,316,2024-12-02
1828,Czech Republic,201,2023.06.09
1829,DE,281,2024/01/07
1830,Deutschland,101,2024-12-05
1830,Czechia,356,2023.11.15
1831,Deutschland,210,2024-02-18
1831,PL,151,2024-04-15
1832,PL,170,2023-09-12
1833,Poland,118,2024-05-17
1834,DE,298,01/01/2024
1834,POL,336,2024/04/12
1835,CZ,196,03-12-2023
1835,POL,379,2024/07/31
1836,PL,99,2023-09-29
1836,GER,115,15-01-2024
1837,Czech,0,2024-02-20
1837,Polska,0,2023-11-13
1838,PL,216,19-08-2023
1838,czechia,150,2024-10-15
1839,DE,162,2024/06/07
1839,poland,132,2024-08-17
1840,czechia,229,25-07-2024
1841,CZ,262,2024-11-23
1841,GER,135,2024-05-25
1842,CZ,319,14-11-2023
1843,POL,241,2023-06-14
1843,GER,170,20/07/2024
1844,Polska,260,2024/05/10
1845,CZ,195,2023-08-24
1845,poland,244,2024-12-13
1846,Czechia,370,03-07-2023
1847,czechia,151,2023-09-09
1847,PL,77,2023-05-18
1848,poland,288,2024-07-31
1849,Poland,261,2024/10/17
1850,Czechia,165,2023/07/13
1850,GER,78,2024-08-03
1851,CZ,0,2024-03-17
1852,czechia,469,2024-04-23
1852,poland,281,2023-06-24
1853,poland,295,2024/04/18
1854,GER,120,15-08-2024
1855,poland,169,2023-09-29
1856,germany,128,2024-07-23
1856,PL,168,2024-12-15
1857,germany,189,2023/06/07
1857,Polska,0,2024-07-20
1858,Polska,296,2023-10-06
1859,Poland,0,05-10-2024
1860,DE,0,2024-08-27
1860,Czech,85,21/06/2023
1861,Czechia,394,19-02-2024
1862,Germany,371,27-11-2023
1863,CZ,166,2023/05/31
1863,DE,268,11-11-2023
1864,germany,144,13-07-2024
1865,germany,189,2024-06-11
1866,pl,224,30-09-2023
1866,Czech Republic,171,2024-01-04
1867,Czech,104,2023-05-25
1868,DE,277,2023-12-06
1869,Polska,170,2023-07-12
1869,CZ,387,2024-04-02
1870,Germany,365,2023-10-16
1871,CZ,0,2023-08-13
1871,Poland,366,2024-09-26
1872,pl,202,2023-08-04
1872,germany,0,
1873,Polska,249,2024-06-28
1873,Deutschland,173,2024/02/10
1874,DE,78,29-04-2024
1874,PL,263,2023-09-22
1875,Czech Republic,23,2024-10-24
1876,POL,183,2024.06.04
1877,CZ,198,28/01/2024
1878,Czech Republic,162,2024-07-19
1879,Germany,233,2023/10/14
1880,Poland,108,2024/09/09
1881,Czech,117,07-07-2024
1882,Czech Republic,66,2023.08.10
1882,POL,288,2024-11-26
1883,pl,485,2023/11/30
1883,Germany,258,2024-01-02
1884,DE,22,06-11-2024
1884,czechia,173,2024-03-11
1885,POL,169,2024-02-06
1885,Czech Republic,58,14-01-2024
1886,Czech Republic,132,2024-01-18
1886,poland,0,22-05-2023
1887,poland,20,2024-01-31
1887,czechia,185,2024-12-09
1888,DE,165,14-12-2024
1888,PL,62,2024/01/26
1889,Poland,79,2023/10/12
1889,germany,443,2024/07/06
1890,Germany,18,2023-06-25
1891,CZ,256,2023/09/11
1891,POL,238,2024-02-03
1892,Deutschland,239,2024/12/14
1893,GER,137,25-05-2023
1893,czechia,214,2023-12-17
1894,germany,226,2023-06-17
1894,poland,0,2024-02-25
1895,czechia,53,2024/11/18
1896,GER,21,2024-01-21
1896,poland,468,2023-08-29
1897,GER,243,2024-09-01
1898,CZ,157,2024-08-09
1898,Polska,191,2024-08-15
1899,Germany,67,2023-12-03
1899,Polska,61,2024/03/09
1900,CZ,52,08-12-2024
1901,czechia,195,2024-06-08
1902,Czech Republic,292,2023-05-24
1902,DE,78,2024.09.02
1903,Czech Republic,145,2024-01-28
1904,DE,263,2023-06-15
1905,Poland,79,2023.12.03
1906,Czech Republic,179,28-02-2024
1907,POL,241,2023/09/24
1908,pl,209,2024-04-20
1909,CZ,3,2023/10/07
1909,poland,171,2024-07-12
1910,Czech,271,2023-12-31
1910,germany,141,2024/12/26
1911,Poland,191,2023-12-31
1912,Germany,257,2023-06-08
1913,Czechia,183,2024-07
1914,Polska,391,2024-07-06
1914,Czechia,124,2023/09/21
1915,Czech Republic,175,2024.08.12
1915,germany,172,07-10-2024
1916,GER,203,2023-11-08
1916,pl,347,2024-10-28
1917,PL,57,2023-10-14
1917,Czech Republic,137,2024/05/11
1918,Czechia,50,26-04-2024
1919,czechia,85,2024-10-23
1919,GER,275,2024-01-27
1920,Czech,142,2023-12-06
1921,DE,117,03/06/2023
1922,Polska,343,2023-05-27
1923,CZ,84,2024.04.11
1923,Deutschland,256,2024-04-04
1924,CZ,90,30-03-2024
1925,poland,218,2023-09-28
1926,CZ,253,2024-08-22
1927,GER,167,2023-05-25
1927,pl,203,2024-02-10
1928,Czech Republic,262,2023-08-01
1929,PL,190,2024-10-14
1929,germany,123,2023/08/17
1930,PL,273,2024-02-01
1930,GER,215,2024-10-27
1931,POL,198,2024/09/25
1931,Deutschland,183,2023-11-13
1932,Germany,231,2024-12-25
1932,czechia,10,2023-09-25
1933,Czech Republic,291,2024-04-10
1933,DE,137,2023-06-23
1934,GER,232,2023-09-07
1934,poland,248,25/03/2024
1935,Czech,152,2024/02/28
1936,poland,165,2023-07-29
1936,Czechia,318,2023-11-26
1937,GER,180,2024-08-07
1937,Poland,242,2023/11/06
1938,pl,281,2024.09.20
1938,Czech,165,2024-11-10
1939,Deutschland,75,2023.07.31
1940,Polska,200,2023-06
1940,Czech Republic,205,2024-05-17
1941,Czech Republic,123,2024-09-26
1942,czechia,125,2024/12/22
1943,Deutschland,231,2024-08-04
1943,Poland,322,04-09-2024
1944,CZ,332,2024-01-22
1944,Germany,197,2024-01-17
1945,PL,67,2024-01-22
1946,germany,0,2024-09-16
1946,pl,244,09-07-2023
1947,Czechia,216,2023/08/24
1947,germany,278,2023-05-30
1948,czechia,142,2023/09/25
1949,Czech,194,28-10-2023
1950,germany,184,2024-07-18
1951,POL,204,2023-12-21
1951,germany,15,2024-04-22
1952,Polska,267,2024-03-08
1952,Germany,166,05-06-2023
1953,Czech,173,2024-06-10
1953,Polska,254,2023/12/15
1954,czechia,236,14-11-2024
1955,Germany,103,2024-11-28
1956,czechia,177,2023-10-26
1957,pl,0,2023-08-17
1958,Deutschland,346,2024-10-10
1958,Czech Republic,215,2023-09-04
1959,poland,212,2024.11.04
1960,Deutschland,143,2023/06/29
1960,Czech Republic,344,10/09/2023
1961,poland,272,2023/11/05
1961,Germany,281,2024-06-10
1962,GER,314,18-12-2024
1962,POL,220,2024-10-27
1963,germany,176,2023/10/30
1963,POL,191,2024.04.02
1964,czechia,275,2024-02-13
1964,germany,84,2024/07/10
1965,poland,350,2023/10/16
1966,GER,152,2023-05-30
1966,Poland,248,2023-09-03
1967,Czech Republic,218,2024-01-07
1968,Germany,145,2024/04/29
1968,POL,175,2024/10/18
1969,Czechia,152,2024-01-02
1969,GER,291,2024-01-17
1970,GER,204,27-11-2024
1971,POL,182,2023/11/13
1971,Czech,264,2024-13-40
1972,CZ,188,15-06-2023
1972,Polska,208,2023-08-03
1973,PL,137,2023-09-28
1974,DE,181,2024-01-10
1975,czechia,286,2024/08/14
1976,pl,7,2023-09-26
1976,GER,284,2024-05-24
1977,Germany,248,23-07-2024
1977,PL,367,2024-01-29
1978,CZ,321,2024/02/15
1978,Polska,200,17-05-2023
1979,Germany,280,2024.11.08
1980,poland,85,2024-09-23
1981,Czech,290,2024.03.11
1982,Czechia,235,2024/06/28
1982,pl,175,2024/08/04
1983,poland,205,2023.08.22
1984,CZ,63,2024-08-28
1985,Germany,233,2024-09-12
1986,POL,228,2023-10-26
1987,POL,133,2024/08/01
1987,DE,214,21-06-2023
1988,GER,238,2023-06-06
1988,Polska,183,2023-09-13
1989,Germany,242,2024-12-28
1990,Poland,152,2023-09-13
1990,Deutschland,340,2024-08-24
1991,POL,0,2024/08/03
1992,Deutschland,432,2024.10.09
1993,Polska,134,2023-06-05
1993,Czech Republic,256,17-02-2024
1994,Deutschland,230,2023-05-29
1994,czechia,124,2023-10-24
1995,Czech,272,2024-05-31
1996,GER,152,2023-08-31
1996,Czechia,206,2023-12-30
1997,germany,140,2024-10-24
1997,czechia,225,2023-05-27
1998,Czechia,255,21-04-2024
1998,poland,236,2023-10-23
1999,PL,10,2023-12-17
1999,Germany,214,2023-09-12
2000,Germany,206,2024/04/18
2000,PL,12,2024-09-29
2001,Czech,46,2023/06/11
2001,poland,219,2023.07.22
2002,czechia,250,2023-06-09
2003,czechia,229,2024-11-26
2004,Polska,308,2024-10-30
2005,POL,108,2024-09-14
2005,czechia,124,2024-04-17
2006,czechia,484,26-09-2023
2007,Czechia,284,2024.11.12
2008,PL,0,2023.07.03
2009,pl,127,2024-05-16
2010,CZ,211,2023-09-15
2011,GER,222,2023/11/01
2011,POL,181,2023/07/19
2012,Czechia,82,2024-01-11
2013,Poland,333,05-10-2023
2014,Czech Republic,216,2024-02-26
2015,GER,104,2024-04
2015,POL,134,2024-08-05
2016,Poland,177,2024-04-22
2017,Poland,274,11-03-2024
2017,CZ,295,28/12/2024
2018,GER,157,2024.10.21
2019,Deutschland,287,2024-05-20
2020,Czech Republic,313,25-06-2023
2021,Poland,344,2024-09-11
2021,Deutschland,105,20-04-2024
2022,Czechia,80,2024-12-19
2023,Poland,322,2024-12-05
2023,Czech Republic,280,2023/07/05
2024,germany,173,2023-11-11
2024,czechia,6,not_a_date
2025,germany,306,2023-12-08
2025,Polska,201,2023-08-27
2026,DE,215,2023-11-01
2026,POL,223,2023-12-13
2027,Czech,282,2023/09/25
2028,pl,0,2023-11-04
2028,czechia,199,2024/08/23
2029,germany,211,2023-11-16
2030,CZ,138,2024.06.11
2031,Czechia,153,08-01-2024
2032,Germany,231,2024.04.01
2032,Czech Republic,182,2024-11-07
2033,Czech,430,2024-07-11
2033,pl,229,2024/07/04
2034,Czech,191,2023-11-05
2034,germany,90,2023/11/18
2035,CZ,178,17-09-2024
2036,Czech,251,2023/06/30
2036,POL,340,2024/09/08
2037,Czech,332,2024-03-07
2037,poland,192,22/07/2024
2038,CZ,251,28-12-2023
2039,GER,178,2024/05/12
2040,Czech,186,2023-06-16
2040,Polska,0,2023.10.24
2041,pl,88,2024-06-27
2042,germany,26,2024-02-16
2042,Czechia,172,2023-10-11
2043,Czech Republic,350,2023-07-26
2043,GER,278,2024-03-25
2044,Czechia,76,2024-01-27
2045,Deutschland,171,2023-07-20
2046,Poland,169,2023/10/03
2046,Czech,246,2023-11-21
2047,Polska,256,04-04-2024
2047,GER,107,05-06-2023
2048,PL,261,10-09-2023
2049,Germany,291,2023/07/15
2049,Poland,137,2024/12/25
2050,CZ,179,2024-07-04
2050,POL,241,2024-08-25
2051,Czech Republic,381,2024-07-25
2051,POL,396,2023/09/05
2052,PL,147,2024/10/04
2052,czechia,252,2024-09-03
2053,PL,40,2024-02-04
2053,Deutschland,192,2023-06-29
2054,poland,331,2024-12-03
2055,Poland,178,2023-12-26
2055,GER,194,2024-07-22
2056,GER,134,2023-09-28
2056,CZ,56,2024-08-30
2057,Poland,111,2024-06-26
2058,Poland,44,2024-05-02
2059,germany,141,2024-09-24
2060,Czech,0,2023.08.02
2060,Poland,89,2023/09/08
2061,Czech,239,2024.02.05
2062,GER,249,2023-10-15
2062,pl,182,2024-01-14
2063,czechia,257,2024-12-26
2064,pl,85,2023.06.25
2065,Czechia,196,29/09/2023
2066,CZ,255,2023.11.22
2067,germany,201,2023.06.06
2067,POL,178,2024-05-24
2068,pl,296,2024/09/02
2068,Czech Republic,371,2023-06-02
2069,GER,125,2024-04-30
2070,Czechia,338,2024-02-19
2071,Poland,110,10-07-2024
2072,Czech Republic,0,2024.02.25
2073,Polska,379,2024-05-09
2074,Germany,262,2024-11-09
2075,PL,311,2024-07-05
2076,Polska,115,2024.05.02
2077,pl,93,2023.06.01
2077,Germany,162,2023-08-21
2078,GER,134,2023.08.18
2079,CZ,141,2024-01-07
2080,poland,147,2024-09-07
2081,POL,0,24-08-2023
2082,GER,167,2024-04-12
2082,poland,0,2024-04-24
2083,Germany,36,22/08/2024
2083,poland,0,2024-12-21
2084,czechia,161,2024-03-26
2084,germany,211,10/01/2024
2085,Germany,235,2023/07/07
2086,DE,98,2023-09-20
2086,pl,57,2024-12-24
2087,PL,291,2023/12/02
2087,Czech,361,2024-06-19
2088,Czech,308,23-10-2023
2088,pl,55,2024-04-04
2089,Czech Republic,0,26-09-2024
2090,Czech,229,2023-05-28
2090,DE,258,2024-04-19
2091,Poland,128,2024-06-07
2091,DE,38,2024/07/07
2092,Deutschland,0,2024.01.05
2093,POL,58,13-05-2023
2093,Czechia,37,09-06-2024
2094,CZ,194,2024-05-22
2094,GER,269,29-07-2023
2095,PL,298,2024-01-24
2096,Czechia,266,2023-08-28
2097,DE,136,15-11-2023
2097,Czechia,69,2023-09-20
2098,Czech,49,2024/04/22
2098,poland,0,2024-07-28
2099,Poland,95,2023-10-30
2099,Czechia,178,2023-09-17
2100,Polska,254,2024/05/17
2101,CZ,398,01-07-2023
2102,GER,250,2024-11-23
2102,Poland,0,2024-03-12
2103,Germany,281,2024/10/17
2104,Germany,106,2024/04/06
2104,poland,274,25-05-2023
2105,PL,403,2024/04/14
2106,CZ,352,2023/10/22
2107,Polska,297,2024-02-16
2108,PL,338,2024-07-16
2108,Czech,113,2024/12/03
2109,Deutschland,72,2023-10-06
2110,pl,331,2023-11-07
2110,Czechia,120,2024-10-24
2111,DE,261,2023-12-06
2111,czechia,243,2023-10-25
2112,POL,120,2024-03-21
2112,DE,150,2023-06-11
2113,Czech Republic,186,2023-06-02
2114,Czech Republic,55,2023/12/01
2114,Poland,300,2023/06/22
2115,Deutschland,214,2023-07-05
2115,POL,196,2023.05.24
2116,PL,136,29-11-2023
2116,germany,125,2024-09-25
2117,Polska,156,2024/11/07
2117,DE,325,2024-10-21
2118,poland,207,2024-07-10
2118,Czechia,166,2024-01-31
2119,CZ,315,03/09/2023
2120,CZ,163,2023-09-10
2120,POL,63,2023.12.15
2121,CZ,0,2024/04/26
2121,pl,47,2024-11-19
2122,Poland,203,2023.09.01
2122,germany,199,23-11-2023
2123,Poland,223,2023-12-28
2123,GER,0,2023-09-26
2124,Czech,346,08-01-2024
2124,poland,416,2024/09/09
2125,DE,301,2024-12-21
2126,DE,187,2023-05-24
2126,Czech,146,2023/10/20
2127,czechia,306,2023-05-22
2128,poland,184,2024-05-29
2128,Czech Republic,0,2024-04-10
2129,czechia,164,2024-03-22
2130,DE,186,2023/05/24
2130,CZ,105,2024-06-19
2131,germany,24,2024-11-25
2132,GER,142,2023-07-27
2132,Poland,100,2023-05-29
2133,Polska,169,2024-08-10
2134,Deutschland,98,2023-10-20
2135,germany,221,2024-01-25
2136,GER,236,2024/01/08
2136,pl,233,2024-05-30
2137,DE,96,23-04-2024
2137,Czechia,102,2024-09-29
2138,pl,195,2024-05-02
2139,DE,168,16/06/2023
2140,Czech Republic,164,2024/09/22
2141,POL,190,2024-02-04
2142,czechia,287,01-12-2024
2142,Poland,532,2023-06-18
2143,poland,134,2024/11/15
2144,Deutschland,436,18-09-2023
2144,Czech Republic,249,2024-03-24
2145,Poland,216,2024-12-01
2146,Germany,92,30-12-2023
2146,POL,282,2024-09-28
2147,Czechia,152,2024-05-22
2147,Poland,119,2024-11-24
2148,DE,302,2023-09-02
2148,Czech,381,2024-09-02
2149,DE,301,2024-04-07
2149,POL,58,2024-06-21
2150,Polska,86,2023-07-21
2150,CZ,201,2024-05-01
2151,czechia,424,2024-06-05
2152,DE,291,2024.12.01
2153,DE,133,2024-05-10
2153,Polska,118,11/12/2024
2154,Czech Republic,293,2024-11-09
2155,Deutschland,262,2024-02-27
2156,DE,198,2023-11-24
2156,CZ,217,2024/08/22
2157,CZ,374,2024/12/20
2157,Poland,11,2023-08-28
2158,germany,0,18-05-2023
2158,pl,262,03-11-2024
2159,Poland,235,16-04-2024
2160,Germany,0,2024/08/31
2160,Czech Republic,169,2024-05-03
2161,germany,218,2024-08-20
2161,Czech,102,2024-10-17
2162,poland,88,2024/11/25
2162,DE,79,2024-05-19
2163,DE,72,2024-11-21
2163,Poland,237,2024-06-16
2164,czechia,153,06/07/2024
2165,DE,329,2024-11-17
2166,germany,137,2024/12/16
2166,POL,525,2024-02-15
2167,Poland,207,2024-08-15
2167,Deutschland,93,2023-06-11
2168,DE,302,2023/06/30
2169,czechia,240,2024/06/22
2170,CZ,4,2023-12-27
2171,DE,121,2023-10-08
2172,GER,484,2024-04-08
2172,CZ,241,2024-04-12
2173,Poland,214,2024-10-26
2173,Czechia,9,2023-06-07
2174,PL,147,2024-06-20
2174,czechia,374,2023-12-08
2175,DE,237,2024-08-12
2175,PL,8,2023-08-07
2176,Czechia,239,2023-08-23
2177,Poland,247,2023-11-29
2178,POL,357,2024-08-19
2178,czechia,53,02/08/2024
2179,Czechia,221,2024/11/19
2180,POL,202,19-12-2024
2181,czechia,350,2024-02-26
2181,Germany,271,10/10/2024
2182,poland,0,2023-11-27
2183,czechia,349,13-12-2023
2184,germany,220,2024-09-13
2185,Deutschland,76,2023-07-02
2186,Deutschland,169,2024.07.28
2186,Czech Republic,182,2024/09/15
2187,Czechia,175,2023-08-23
2188,Deutschland,230,2023-10-22
2189,czechia,187,2023-10-23
2189,DE,90,2024-07-24
2190,czechia,191,16-01-2024
2190,germany,232,2024-07-09
2191,germany,329,2023-09-06
2192,Deutschland,105,2024-04-11
2193,Czech,106,2024/11/30
2194,pl,344,2023-08-04
2194,Deutschland,212,2023-08-23
2195,Polska,194,2024-08-10
2196,PL,139,02-01-2024
2196,czechia,92,2023-10-30
2197,PL,307,2023/12/23
2197,GER,76,2024-02-23
2198,CZ,165,2023-07-20
2199,czechia,160,2023-10
2200,poland,167,2024-07-15
2201,germany,387,2024-11-15
2202,poland,111,25/07/2024
2202,Czech Republic,118,2023/12/27
2203,Germany,297,2023-08-05
2203,pl,186,2024-08-25
2204,Polska,24,2023-08-23
2204,Germany,285,08-09-2023
2205,Czech,89,2024-01-24
2205,Germany,138,2024/12/10
2206,PL,238,2023/06/08
2206,Deutschland,203,04/11/2024
2207,poland,511,2024-06-03
2208,Polska,158,2024/10/01
2209,poland,208,2023-10-08
2209,Czech Republic,213,2024-03-01
2210,DE,193,2024-11-07
2211,pl,245,2024-07-17
2211,Czechia,0,02-12-2024
2212,pl,336,2023-09-27
2212,germany,201,2024-09-15
2213,GER,369,2023-12-18
2213,Czech,165,19-12-2023
2214,pl,429,2024-02-26
2214,Czechia,211,2023/06/16
2215,Czech,159,2023-07-16
2216,Czech Republic,177,2023-06-09
2216,poland,128,2023/12/09
2217,Czech Republic,153,2023.07.18
2217,poland,65,28-08-2023
2218,Czech,0,2023-08-20
2218,poland,479,2024/09/19
2219,POL,243,2024-06-19
2220,Czech Republic,296,20-04-2024
2220,poland,364,2024-05-15
2221,germany,248,2023-11-17
2222,PL,48,2024-06-08
2222,GER,231,26/12/2024
2223,czechia,104,2023-11-18
2224,PL,0,2024-10-04
2224,Germany,119,2023/10/31
2225,DE,66,2023-07-12
2225,PL,286,2023/10/13
2226,czechia,118,2023-06-25
2227,CZ,12,08-10-2023
2227,POL,0,2023.10.04
2228,DE,129,2024-03-23
2229,Germany,263,2024-12-02
2230,Czech,161,16-10-2024
2231,pl,293,2023-08-28
2232,Polska,17,2024/03/02
2232,CZ,0,08-11-2024
2233,Germany,187,2024-06-21
2234,GER,412,14-08-2023
2235,czechia,165,2024-01-28
2236,Czechia,208,2024-07-12
2236,germany,308,08-12-2024
2237,Germany,3,2024-04-20
2237,Czechia,46,2024-01-15
2238,POL,215,2023.10.31
2238,DE,227,2023/05/17
2239,Poland,287,30-07-2024
2240,GER,386,2024-10-04
2240,POL,218,2024-12-16
2241,Polska,0,2023-07-24
2241,DE,139,
2242,Germany,135,2023/10/11
2243,CZ,70,2024-01-03
2244,Czechia,308,2024/10/31
2244,Deutschland,139,2024-01-04
2245,DE,157,2023.11.30
2245,poland,245,2024-10-19
2246,Germany,192,2024-12-22
2246,POL,104,2024/01/19
2247,POL,95,13-07-2024
2247,Czech,118,2024-02-12
2248,czechia,227,2023-11-26
2248,Deutschland,315,2024-03-08
2249,poland,134,2024-03-01
2249,Czechia,116,2024-10-18
2250,germany,263,14/11/2024
2250,Czechia,53,2023/06/02
2251,PL,428,2024-01-24
2251,Deutschland,40,2024/04/14
2252,germany,131,2024/06/22
2253,Czech,0,2024.06.06
2253,POL,68,2024-01-30
2254,Germany,135,2024-07-15
2254,poland,19,2024-12-29
2255,Czechia,150,
2256,Poland,15,2024-05-29
2257,Czech,46,2023-11-01
2258,Czech Republic,266,2024-10-02
2259,Polska,38,2023-10-10
2259,czechia,135,2024-11-02
2260,Deutschland,250,2023/08/05
2260,Polska,166,2023-10-01
2261,GER,239,2023-06-25
2261,Czech Republic,92,2024-11-28
2262,pl,299,2024/05/13
2262,DE,226,2023.06.01
2263,germany,382,2024-10-26
2264,POL,4,2023-10-10
2264,czechia,272,10-09-2023
2265,POL,11,2023-12-12
2265,Deutschland,136,2024-11-10
2266,czechia,108,09-11-2023
2267,DE,265,04-10-2023
2268,Czech Republic,244,2023-10-01
2269,Czech,3,2024-06-27
2269,Poland,265,2024-12-14
2270,poland,65,2024.04.18
2270,DE,145,2024-11-23
2271,Poland,277,2023/06/11
2272,Polska,103,2024-03-05
2272,CZ,24,21-04-2024
2273,Czech,165,2023-07-18
2274,pl,94,2023-08-20
2275,Deutschland,70,2023-06-12
2276,CZ,234,2023/09/07
2277,GER,116,09-09-2024
2277,Czechia,188,2024-02-14
2278,Deutschland,192,2023-10-17
2279,Czech,208,2024/09/10
2280,germany,95,2024-04-08
2280,PL,83,2024-07-07
2281,Germany,226,2024-10-07
2282,Czech Republic,141,2024-07-19
2282,Polska,502,2023-12-30
2283,Czech Republic,25,2024-06-23
2283,Germany,63,05-11-2024
2284,Germany,463,2023-12-15
2284,Czechia,26,2024-11-01
2285,Czech,237,2023-09-09
2286,Czechia,349,2023-07-19
2287,Germany,0,2023/09/10
2287,CZ,0,2024-10-21
2288,germany,449,2023/05/23
2289,CZ,334,2023-11-18
2289,germany,423,2023.05.21
2290,Poland,70,2023-07-11
2290,CZ,19,2024/03/15
2291,Poland,241,2023-09-28
2292,Czechia,142,2023-06-17
2293,GER,251,2023-07-14
2294,POL,168,2024-04-12
2294,Germany,0,2023-10-21
2295,POL,364,2024.11.07
2295,Czech Republic,68,2024/09/19
2296,Polska,0,2023-05-19
2297,Polska,127,2024-11-28
2298,Czechia,185,16/04/2024
2298,POL,164,2024-04-27
2299,czechia,38,2024-02-09
2299,Poland,226,2023-09-18
2300,czechia,148,2023-12-28
2300,Germany,0,2023.09.13
2301,CZ,40,2023-12-28
2302,PL,297,2024/02/09
2303,Polska,212,2024/02/02
2304,czechia,153,2024/06/11
2305,Deutschland,260,18/12/2024
2305,poland,54,2023-11-08
2306,Poland,283,2024-08-03
2307,Poland,0,2024.07.13
2308,POL,144,2024/06/26
2309,Czech,0,2024-09-10
2309,DE,308,2023-08-14
2310,GER,366,2023-07-01
2310,czechia,25,2023-07-29
2311,poland,195,2024-07-01
2312,POL,111,2024-02-13
2313,Germany,287,2023/12/21
2313,Czechia,254,2024-11-24
2314,GER,111,2023-12-23
2314,POL,349,2024-08-02
2315,germany,130,2023-12-20
2316,Poland,40,2023-06-24
2316,Czechia,469,2023/12/29
2317,POL,55,15-03-2024
2318,Czechia,113,2024-05-03
2319,pl,323,2024-01-17
2319,Czechia,263,2024-07-05
2320,PL,74,2024-04-07
2321,CZ,194,2024/05/09
2321,Deutschland,0,2024-08-18
2322,germany,331,2024-12-27
2323,DE,378,2024-10-27
2324,Deutschland,22,03/02/2024
2324,CZ,124,2023-11-15
2325,pl,247,2024-10-01
2326,CZ,199,2024-03-26
2326,PL,351,04-11-2024
2327,Czechia,206,2023/09/13
2328,pl,307,2023-05-23
2328,germany,0,2023-06-16
2329,CZ,127,2023-06-15
2330,czechia,196,2024-04-15
2330,GER,94,2023-09-19
2331,CZ,41,2024-09-26
2332,Czechia,207,13/08/2024
2332,Polska,100,2023/12/28
2333,Germany,216,2024/10/24
2333,PL,66,2023-07-15
2334,POL,0,2023/07/03
2335,poland,171,12-12-2024
2335,CZ,426,2023-10-03
2336,Deutschland,256,2024-01-31
2336,poland,16,2024-03-16
2337,Germany,177,2023/05/19
2337,pl,262,2024/09/20
2338,PL,130,2024-03-07
2338,Czechia,157,2024/10/14
2339,GER,111,15-06-2023
2339,poland,188,2023.06.10
2340,czechia,234,02-11-2023
2340,Deutschland,327,13-12-2024
2341,Czech Republic,248,03-08-2024
2342,CZ,108,2023/12/15
2342,pl,148,2024-06-24
2343,Czechia,306,2023-05-17
2344,PL,145,2024-09-01
2345,DE,71,2024-09-30
2345,Poland,248,2024-09-07
2346,CZ,89,2023-10-16
2347,germany,163,2024/10/02
2347,Polska,276,2023-06-05
2348,Poland,0,2023-12-22
2348,DE,133,2024/10/02
2349,pl,62,2023-05-31
2350,Germany,197,2023-09-14
2350,Czechia,177,29/08/2023
2351,germany,261,2024-12-26
2351,poland,74,2023-09-18
2352,czechia,219,2023/08/25
2353,Czech Republic,122,2023-08-06
2354,Czech Republic,177,2024-07-14
2354,Polska,0,2023-08-02
2355,Czechia,92,2024-09-24
2355,Poland,279,2024-03-02
2356,DE,157,2023.11.07
2356,PL,133,2024.02.25
2357,Czech,346,2024-05-27
2357,Deutschland,339,2023-11-18
2358,Polska,181,2024-12-22
2358,GER,277,2024/09/02
2359,czechia,189,2023-08-24
2360,POL,184,2024-02-19
2360,CZ,102,2023-09-16
2361,Czechia,315,2023-11-28
2361,poland,123,2023-06-30
2362,PL,243,2023/11/22
2362,DE,469,08-09-2023
2363,pl,110,2024-07-24
2364,Germany,143,28-09-2024
2365,DE,514,2023-10-22
2365,poland,59,2024/10/22
2366,germany,292,2024-08-29
2367,Czech Republic,114,2024-11-22
2367,poland,126,2024-02-23
2368,DE,117,2024.05.12
2369,Deutschland,420,2023-08-08
2370,GER,274,31-05-2023
2371,Czech,0,2023/10/25
2372,Polska,16,2024-08-14
2373,Poland,316,2023-11-08
2374,CZ,303,2024-11-02
2374,PL,72,2023-10-13
2375,GER,0,2023/09/03
2375,PL,137,25-09-2024
2376,Poland,4,2024-10-11
2377,poland,55,2024/05/03
2377,czechia,213,26-08-2023
2378,Polska,245,2023-09-06
2378,Czech,235,2023-07-03
2379,Deutschland,137,2023-10-04
2380,Czech,137,2024-10-16
2381,czechia,220,2024-10-18
2382,Czechia,244,2024-10-16
2383,GER,263,2023.11.05
2384,Czech,77,2023-10-12
2384,Polska,188,2023-12-27
2385,poland,245,24-07-2023
2386,Deutschland,83,18-09-2024
2386,czechia,202,2024/02/19
2387,PL,94,2023-12-22
2388,Czech,78,2023-10-19
2388,poland,119,2024-10-27
2389,Poland,339,2024/11/02
2389,Czech Republic,128,20-09-2024
2390,POL,109,31-08-2024
2390,GER,66,2023-12-23
2391,czechia,345,19/10/2024
2392,CZ,46,2023/08/28
2393,Deutschland,269,2024-10-14
2393,czechia,318,2024/05/22
2394,Czech,155,2024/06/26
2394,GER,83,06-08-2024
2395,PL,335,2024-11-29
2395,CZ,135,2023-12-14
2396,poland,294,2024-12-12
2396,CZ,327,22-08-2023
2397,poland,314,2024-11-19
2398,POL,68,2024.11.18
2398,GER,148,2024-01-24
2399,pl,314,2024-12-21
2400,Czechia,55,2024-13-40
2400,Deutschland,386,2024/12/24
2401,pl,100,2024-10-13
2402,poland,417,2023/07/30
2403,germany,244,2023/10/21
2403,Czechia,182,2023-12-20
2404,pl,0,14-12-2023
2404,Czech,263,2024-06-01
2405,Czechia,377,2024-11-13
2406,POL,0,2024-10-13
2407,PL,223,06/06/2024
2407,czechia,174,18-07-2024
2408,DE,387,25-04-2024
2408,Czech Republic,151,2024-01-03
2409,POL,212,2023-09-23
2409,GER,166,2024-13-40
2410,Czech Republic,108,2024-02-25
2410,GER,226,2023.11.16
2411,GER,223,2024-09-25
2411,Czechia,150,2023-05-16
2412,Polska,37,2024-05-10
2412,DE,427,2024.03.28
2413,Poland,164,2023.08.18
2414,Czechia,159,2024-03-11
2415,Poland,199,2024/04/16
2416,poland,304,24-07-2023
2416,DE,134,2023-06-17
2417,Polska,416,2023-06-16
2418,germany,165,2024-05-01
2418,Poland,155,02-06-2023
2419,POL,155,2023/08/08
2420,Poland,287,2023-11-07
2421,PL,194,2023/09/21
2421,Deutschland,29,2023-08-06
2422,CZ,272,2024/10/27
2423,PL,207,2024-05-22
2424,poland,168,2024-07-14
2424,DE,289,2023-11-05
2425,CZ,81,2024-01-02
2426,Poland,214,2024/12/11
2427,Polska,210,2023-07-29
2428,Czech Republic,306,2024-09-01
2429,germany,181,06-05-2024
2429,Polska,221,2024/12/28
2430,Polska,132,2024-05-07
2430,Czech Republic,41,2023-08-30
2431,CZ,288,2024/09/23
2432,Poland,228,2024-01-13
2432,Czech,93,2023-10-07
2433,GER,220,2024-11-15
2433,Czech,126,2023-08-31
2434,PL,338,04-09-2023
2434,Germany,0,2024-08-08
2435,PL,154,2023-12-22
2435,DE,196,2023.07.18
2436,POL,53,24-05-2024
2437,Czech,71,2024-11-26
2437,GER,190,2024-12-10
2438,DE,115,2024/04/24
2438,Czech Republic,171,2023-09-07
2439,pl,121,2024-02-10
2440,CZ,140,2024-10-05
2440,Poland,130,2023-09-19
2441,Czech Republic,189,2024/02/12
2442,pl,70,2024-09-03
2443,germany,239,2023/09/29
2444,Deutschland,188,2023-05-13
2445,pl,125,2024-05-13
2445,Czech Republic,201,2023/05/14
2446,DE,308,2023-05-12
2446,CZ,152,2023-09-04
2447,Czechia,228,2023-12-02
2448,czechia,243,2024.12.08
2449,Czechia,267,2023-06-28
2449,Deutschland,261,29-05-2024
2450,germany,343,22-02-2024
2451,poland,72,08-05-2024
2451,Czechia,290,2024.01.25
2452,Czech,196,25/08/2023
2453,CZ,104,2024-03-08
2454,Czechia,96,2023-08-14
2454,Germany,226,2024/05/31
2455,Czech Republic,0,25/10/2023
2456,DE,35,2024-04-10
2456,czechia,216,2024-05-30
2457,Poland,160,2024-09-09
2458,CZ,180,2023-06-05
2458,Germany,205,not_a_date
2459,Czechia,338,2024/05/04
2459,germany,59,2024-07-05
2460,pl,0,2023-05-16
2460,Czechia,81,28-04-2024
2461,czechia,32,2024-11-30
2462,Czech,407,2024-06-08
2463,Czech Republic,246,2023-12-18
2463,POL,114,31-12-2024
2464,GER,67,2023-11-03
2465,poland,196,2024-06-06
2466,Poland,200,2024-01-29
2467,POL,190,2023-11-30
2468,Polska,356,24-05-2023
2468,CZ,141,2024-08-01
2469,DE,79,2023/12/13
2470,Czech,36,2024-03-08
2471,poland,158,2023/11/06
2471,Czech,154,2024-11-03
2472,Polska,271,2024.05.20
2473,czechia,104,29/05/2024
2474,czechia,291,2024/09/17
2474,GER,353,2024.08.19
2475,germany,100,2024/02/21
2475,poland,438,11-08-2023
2476,POL,328,2023-10-15
2476,DE,112,21-08-2024
2477,Deutschland,139,2024-10-11
2478,Czech,341,2024-12-18
2478,Polska,37,2024-01-23
2479,POL,18,2023-06-28
2480,Czech,173,2023.07.04
2480,Deutschland,372,2024-10-30
2481,POL,263,2023-07-16
2481,GER,131,2024/05/29
2482,PL,187,2024-03-21
2483,germany,313,2023-06-21
2483,Poland,185,2023-08-20
2484,Polska,177,2024-05-09
2485,Czech Republic,36,2023-11-17
2486,PL,246,2024/01/30
2487,Czech,252,2023-11-23
2488,Polska,176,2024-03-23
2489,Czechia,0,2024-07-13
2489,Deutschland,253,2024-02-12
2490,Germany,337,2023/05/26
2490,PL,314,2024-02-08
2491,Czechia,335,2024.05.24
2491,Polska,0,2024/11/25
2492,Germany,368,2024-03-14
2493,germany,290,2023-08-14
2493,CZ,207,2024/05/27
2494,czechia,243,2024/07/30
2495,Polska,329,2024/11/07
2495,Germany,206,2023-05-15
2496,poland,0,2024.10.25
2496,germany,222,2024-11-20
2497,czechia,278,2023/09/28
2498,Czech,389,2023-08-13
2499,Czech Republic,504,2024-05-20
2500,germany,91,2024-09-11
2500,Polska,100,2024-02-07
